timestamp,latitude,longitude,temperature,air_quality
12/14/2018,51.5024848,16.0620494,8,51
2/22/2019,35.356644,111.22472,10,22
10/29/2019,39.3046388,23.2207655,63,13
11/15/2019,49.0285391,2.3236877,54,38
10/24/2019,18.2886378,-99.4526826,17,25
11/16/2019,30.453667,114.872199,18,10
4/14/2019,7.65,5.55,91,95
7/28/2019,49.2088164,7.0075837,21,42
2/2/2019,51.3531567,39.3015305,64,8
5/23/2019,59.3366653,18.0930966,37,35
7/29/2019,61.3602942,63.5639414,2,91
1/2/2019,-6.0776348,105.8936224,14,18
4/19/2019,-8.1401564,117.7901088,45,35
2/10/2019,59.6740144,16.7259208,44,99
3/21/2019,-8.0395,113.8512,22,41
7/9/2019,42.1241764,-80.08181,17,17
9/5/2019,37.932976,102.665494,20,33
8/24/2019,-6.7594317,111.4484559,11,95
11/16/2019,15.4728312,104.071515,55,65
9/11/2019,27.48051,110.942975,66,34
11/15/2019,12.5200531,124.5372661,15,86
1/29/2019,47.1427431,-122.4407344,34,49
7/17/2019,44.8119628,15.8685645,91,2
8/1/2019,34.8148172,135.7683696,13,57
3/6/2019,-28.292455,-49.9375873,59,13
8/29/2019,34.8742638,71.1537637,72,82
4/19/2019,-8.7035662,116.2245553,56,8
7/6/2019,-40.2458577,175.5482901,97,93
1/5/2019,14.5906311,121.0855062,74,66
6/25/2019,43.3182911,28.0224528,61,64
8/11/2019,52.1260857,19.0103213,14,48
8/7/2019,-8.2866081,111.5945271,40,99
7/24/2019,29.134418,115.762844,18,64
11/2/2019,10.3765284,106.3438891,22,76
8/16/2019,-3.9131671,103.7752634,62,44
12/22/2018,29.14583,48.09472,29,23
4/23/2019,55.6745195,12.6058056,81,11
6/17/2019,13.1029,123.6999,79,48
10/26/2019,41.5129877,-8.0907412,33,8
1/24/2019,34.497578,113.798718,69,55
5/28/2019,60.3588201,22.2240066,79,51
5/11/2019,6.3049636,7.5626411,31,86
10/1/2019,22.705124,113.316811,9,15
4/29/2019,19.63333,30.41667,49,74
5/4/2019,6.8907086,8.352656,72,70
4/8/2019,-6.9253999,113.9060624,31,29
2/3/2019,-7.340531,112.7077638,87,63
7/10/2019,50.6398985,15.8196702,37,91
7/14/2019,53.1844724,18.6045572,82,77
11/2/2019,39.8032712,113.9849159,57,2
6/29/2019,40.608793,115.099494,61,32
6/28/2019,38.8393743,-9.4606374,67,37
1/19/2019,34.06,-118.24,93,100
9/28/2019,32.7231719,110.060938,85,55
5/12/2019,1.6408734,-75.4111644,24,85
3/15/2019,30.128901,104.627636,22,54
8/26/2019,-0.2142002,-78.4989722,58,8
6/23/2019,13.4082642,-15.6082651,18,27
11/18/2019,35.089251,135.8827528,53,96
10/15/2019,50.2914556,15.4772549,74,19
7/25/2019,39.8319349,44.6635181,69,99
6/3/2019,56.5614229,52.9958953,79,97
7/17/2019,-7.0112331,108.4595045,82,31
7/5/2019,27.27476,-80.31823,34,84
1/16/2019,15.6562837,-91.7638749,49,37
8/27/2019,-8.5056516,117.5319733,4,11
2/12/2019,30.070933,118.181531,57,2
4/21/2019,39.8286146,69.5320824,68,12
7/25/2019,38.0244455,140.0946079,3,89
11/24/2018,55.2519048,52.5882232,14,38
12/27/2018,29.6211025,-95.2632201,20,51
9/15/2019,40.99849,111.1617,11,52
2/18/2019,14.86876,120.8294888,31,95
4/15/2019,47.61668,-57.61516,2,3
12/15/2018,39.08335,77.56662,58,4
2/18/2019,-13.7947125,-70.4719705,52,93
8/13/2019,-6.8921158,111.6526577,97,34
10/8/2019,36.7904088,138.7920847,76,13
6/8/2019,59.3582766,17.8838787,72,67
12/28/2018,32.276495,111.468844,72,4
9/23/2019,-21.3892337,-42.6945496,68,77
1/18/2019,-7.4951399,107.532764,63,62
10/18/2019,-7.683333,109.883333,9,34
5/27/2019,-6.2736138,106.6717451,93,1
8/22/2019,9.0144539,37.4494636,63,77
3/28/2019,40.1686749,-7.1721914,4,38
7/24/2019,5.9840985,116.0761121,8,28
12/3/2018,24.820587,103.323844,58,69
8/11/2019,-7.056066,108.4780523,21,58
4/15/2019,6.5163966,14.2919273,46,58
12/12/2018,29.859714,113.801133,99,68
12/13/2018,37.3844286,140.3940646,41,94
1/10/2019,27.335916,113.500997,28,80
12/7/2018,-22.4206096,-41.8625084,40,23
11/22/2018,16.7690892,120.3353957,87,65
12/25/2018,5.6979328,-55.220397,35,14
8/21/2019,48.6967162,26.5825364,54,87
2/28/2019,36.6484118,9.6146499,73,97
6/26/2019,7.4687521,146.139336,89,92
4/27/2019,-11.8163553,-75.4534081,99,67
5/3/2019,15.0796303,-85.5586368,84,34
11/13/2019,-7.9199459,113.8138552,86,54
11/20/2019,35.54729,65.5676,83,80
11/27/2018,50.7736289,14.4728422,71,80
2/9/2019,39.3915625,21.9245288,16,28
12/30/2018,8.919623,124.783907,73,48
9/25/2019,48.6514469,14.4161297,85,5
8/19/2019,29.6464527,-95.4935119,34,10
9/14/2019,31.5159823,-9.0743876,7,4
10/28/2019,-2.6729327,-48.2393528,59,10
6/7/2019,-7.7798092,110.3562018,99,80
11/26/2018,46.218184,15.38742,49,19
1/6/2019,4.4210661,-76.1899661,53,70
2/7/2019,-7.0837242,108.4928912,56,76
10/12/2019,35.5873507,-82.4874499,50,50
9/22/2019,-6.2278972,106.7045995,23,45
7/26/2019,52.0610443,17.8504238,89,5
11/15/2019,47.8840341,29.3465596,9,53
5/12/2019,59.9522962,10.7668266,54,42
7/1/2019,-7.4250762,108.2822389,56,28
3/4/2019,51.8925044,18.4962253,15,78
7/10/2019,13.5681668,-89.1158008,93,60
3/22/2019,53.1106929,20.3964722,41,52
12/15/2018,-12.0582305,-77.1053673,3,67
1/22/2019,47.1291041,4.9137748,92,8
4/21/2019,22.603489,114.102406,68,25
8/7/2019,22.141482,113.83012,47,7
11/20/2019,29.7162314,113.8688645,84,27
4/22/2019,50.188406,18.598769,71,81
5/24/2019,28.852393,85.297534,63,29
2/9/2019,49.2706048,-1.6509128,71,22
11/30/2018,31.02364,121.215916,30,10
8/9/2019,60.0114861,15.7899671,90,40
2/12/2019,41.603085,46.638308,14,48
9/4/2019,-14.2576342,-69.1692951,4,66
2/10/2019,51.5731362,5.0314656,88,62
11/1/2019,52.4500648,4.5789114,86,33
12/25/2018,37.399373,110.691139,81,17
9/12/2019,40.5323093,49.710366,52,19
6/12/2019,14.6014909,103.0933171,19,60
3/3/2019,32.059093,118.627894,99,11
6/15/2019,30.8346,117.552738,66,86
11/4/2019,48.051542,114.367189,86,59
4/24/2019,48.7724625,2.2161608,72,15
6/5/2019,33.6669335,113.1115294,16,64
7/18/2019,53.3788422,-1.4730092,44,79
1/11/2019,-8.3765619,115.1918802,4,61
1/17/2019,22.2949889,91.9759204,33,4
12/5/2018,29.4110744,71.6420004,29,48
11/10/2019,13.8105014,99.8766825,20,16
10/2/2019,37.114157,79.922211,87,9
7/20/2019,1.058464,-77.5661219,26,26
6/19/2019,26.4486465,68.3132182,49,68
4/23/2019,19.1922834,-96.1679447,45,16
6/27/2019,50.1269792,14.0180996,83,95
2/19/2019,45.056443,43.6468877,83,77
6/21/2019,60.0750723,23.687553,87,57
11/4/2019,-9.0166555,-77.8724575,94,90
6/6/2019,-7.2355945,111.5417207,41,46
5/9/2019,-22.6031668,-48.8041532,84,52
9/26/2019,34.352865,62.2040287,72,77
1/13/2019,29.758227,107.687866,81,34
9/21/2019,43.7543283,-79.4422593,21,16
7/31/2019,-6.6549447,111.1160864,17,42
3/4/2019,-14.96441,-70.403374,15,64
11/16/2019,46.1446171,30.5208981,36,60
11/19/2019,46.277611,41.756863,84,7
3/6/2019,56.6750878,16.370548,67,61
12/6/2018,30.41,19.57,66,63
4/9/2019,53.5281012,16.0186245,55,22
3/5/2019,-7.1030309,112.1579249,51,57
1/29/2019,50.0625015,-110.6821866,46,17
1/24/2019,42.3894673,23.7275817,8,12
5/6/2019,40.5871242,43.8677691,81,72
1/2/2019,37.1518793,138.3591194,65,36
9/5/2019,25.038296,102.664376,70,38
7/6/2019,23.1639193,113.3423334,50,60
11/19/2019,37.548299,120.282101,22,84
11/16/2019,11.5742086,37.3613533,58,84
11/29/2018,-0.789275,113.921327,26,68
4/24/2019,49.441512,18.0947362,9,16
11/4/2019,22.000143,100.771678,98,53
4/6/2019,29.471977,106.476211,80,17
7/6/2019,58.7859889,25.4275605,16,70
4/6/2019,-15.1838408,-72.9061903,14,62
1/23/2019,58.7786849,24.8170215,18,22
4/5/2019,33.3437146,130.6838866,65,64
6/1/2019,39.822507,109.963338,68,27
9/1/2019,53.2625544,19.826521,47,39
8/28/2019,28.555787,121.244605,63,92
7/28/2019,-29.5904737,-51.3738524,50,73
4/14/2019,50.9033889,14.9611203,10,14
1/8/2019,-21.5447866,167.8854865,79,84
11/28/2018,43.7359241,7.4171811,66,38
12/28/2018,36.423873,98.150312,91,39
1/22/2019,52.7572749,78.2041704,52,89
11/22/2018,-19.6971554,44.5431306,20,15
11/25/2018,39.982718,117.078294,48,89
10/6/2019,41.1846097,80.3038321,2,80
9/28/2019,45.4555091,17.6623801,75,13
3/16/2019,38.64501,65.68952,42,56
3/16/2019,46.8289256,16.3268491,63,11
11/9/2019,41.7595825,-7.4773543,10,76
5/29/2019,-34.588234,-58.6876178,59,25
11/11/2019,3.0062022,34.1114621,22,74
5/17/2019,15.78722,-91.095,76,90
3/4/2019,31.186433,121.591843,19,82
12/26/2018,38.7204364,-9.425542,4,83
2/24/2019,51.1211697,58.6199937,6,60
12/9/2018,32.820169,107.497055,76,62
11/27/2018,7.1402468,40.7107871,46,84
9/8/2019,-7.6478966,108.7511864,59,21
7/20/2019,-22.2169379,-49.9456615,55,22
7/23/2019,52.5470847,6.0237938,58,92
6/20/2019,58.9607635,57.6558829,65,86
8/21/2019,40.9900603,21.4193769,91,30
1/15/2019,28.7612,112.360871,44,54
9/7/2019,-2.569886,140.50321,61,62
6/9/2019,11.2642678,37.4921444,36,37
5/31/2019,19.3803931,-99.1476908,17,77
11/16/2019,33.4881678,118.2110105,37,92
11/17/2019,-24.8096387,-56.5196111,66,87
8/23/2019,44.9893604,14.9036052,2,84
9/30/2019,-32.75,-70.7208115,72,33
1/22/2019,50.8885079,19.0438326,77,32
8/22/2019,-32.5906095,27.8838873,43,27
12/18/2018,14.0228518,100.2151578,24,78
7/4/2019,35.8439572,136.1916906,20,100
7/3/2019,43.908712,127.303425,56,20
4/4/2019,51.4057505,-2.5573746,91,38
5/6/2019,40.6021201,20.5118628,96,24
6/28/2019,11.8194472,122.1619663,65,38
6/29/2019,23.212853,103.952615,81,62
10/27/2019,41.3349436,-6.9646803,42,35
4/27/2019,27.6581078,-82.7293193,95,60
11/25/2018,33.9516114,-118.3875775,9,81
1/15/2019,59.0883359,17.5704656,42,12
10/2/2019,26.6849798,100.7492159,20,25
11/15/2019,54.1190657,31.1014304,82,80
9/8/2019,9.852371,-83.6143148,58,70
5/14/2019,-9.7262368,120.3608455,83,96
7/18/2019,29.5530941,118.9353968,4,86
4/30/2019,29.24693,103.08249,60,63
5/13/2019,27.8122083,52.350694,34,33
3/31/2019,38.9458437,-8.9978149,65,15
1/18/2019,14.5770566,121.0120171,9,10
5/17/2019,9.0965232,123.1989242,6,84
4/27/2019,21.31,-157.86,64,3
9/28/2019,45.2911425,20.1955026,17,92
1/21/2019,31.871595,56.0194244,64,22
8/23/2019,43.9912932,89.1806674,77,81
10/24/2019,-23.4595396,-56.7383988,96,82
3/14/2019,29.718419,104.585735,89,64
9/3/2019,16.0332128,103.9344076,38,94
3/20/2019,55.6065,159.64266,19,100
1/5/2019,31.2303904,121.4737021,74,31
6/16/2019,46.95,79.66667,48,46
9/6/2019,46.0852466,18.3028286,76,5
3/13/2019,48.8139473,29.3812035,41,66
8/5/2019,53.36678,-104.00092,47,53
11/14/2019,38.79,-77.19,5,83
5/7/2019,22.3380865,104.1487055,11,34
7/13/2019,32.493989,80.101607,60,84
8/23/2019,41.107701,21.3788215,78,77
4/17/2019,33.011529,114.022298,65,3
5/30/2019,-11.7172157,43.2473146,88,51
11/23/2018,47.2952721,39.8734276,93,40
12/4/2018,-24.7406868,-56.0222113,29,96
3/23/2019,-3.4763823,-80.2225448,17,44
12/21/2018,40.0580479,116.3333034,67,11
11/1/2019,44.34072,129.4828511,39,63
7/10/2019,15.3363872,-88.3579301,45,70
12/16/2018,32.23483,119.797634,2,41
6/30/2019,13.5699981,-14.5611573,39,57
9/29/2019,-20.4670046,-55.7872944,6,3
12/15/2018,55.6383075,22.938485,15,56
5/26/2019,43.4945737,5.8978018,39,92
10/14/2019,-8.5413769,115.1682089,23,66
3/5/2019,5.2711769,-3.5939254,3,8
2/10/2019,-33.93274,151.188577,83,90
11/18/2019,46.625456,16.3144961,18,43
9/7/2019,48.8540194,14.2111388,94,40
6/8/2019,23.043061,113.298675,60,74
12/14/2018,35.0702051,118.2536287,94,33
4/6/2019,31.1032736,114.3515079,32,70
6/20/2019,-8.2211,113.2577,45,66
12/16/2018,39.3438828,-8.0659871,19,86
7/5/2019,37.52027,68.12824,12,18
4/15/2019,39.2682845,-9.312494,70,8
7/12/2019,27.018693,104.372949,15,38
4/25/2019,36.5806067,10.8620804,50,1
7/30/2019,36.4596214,10.7830826,53,37
2/8/2019,54.9295907,19.9482276,1,28
1/25/2019,48.1495982,24.2824443,9,26
1/6/2019,-13.9871132,-70.0168186,35,70
4/18/2019,-8.906419,117.7395532,79,35
6/1/2019,17.4214483,102.5642447,91,51
12/4/2018,27.2753739,91.2397775,48,54
9/10/2019,52.0726169,4.3505874,77,25
7/23/2019,-15.3745452,167.8138553,67,6
4/10/2019,57.7316019,12.0703707,35,12
5/7/2019,47.3752386,-0.8453268,94,23
4/13/2019,-7.5067598,108.8432656,24,34
5/27/2019,-22.8824635,30.1454694,39,14
2/24/2019,4.392584,10.81017,72,14
6/20/2019,55.8951461,21.2626042,7,41
6/13/2019,31.032243,121.227747,26,62
3/12/2019,3.251528,-76.229027,6,29
10/7/2019,-5.9329071,105.9997125,92,11
6/20/2019,15.868716,120.3920116,86,83
5/6/2019,42.1811386,69.8824972,87,63
7/24/2019,45.1810672,18.6692248,97,14
6/16/2019,26.6416058,67.9933369,100,74
4/17/2019,30.2733296,120.1672735,30,58
4/20/2019,30.912302,95.604143,6,59
10/11/2019,-5.8949347,-35.4343604,40,62
2/26/2019,48.652412,32.5077211,28,16
1/20/2019,45.4381658,4.3868779,45,1
9/20/2019,49.9958981,31.5594099,52,2
6/1/2019,35.0021932,71.4061876,44,40
12/18/2018,40.4770427,-79.9571907,18,33
6/8/2019,40.432725,-8.296808,14,77
12/13/2018,29.858629,117.6134553,11,85
9/9/2019,-0.7171778,36.4310251,16,78
10/27/2019,38.5796262,141.2777515,75,31
6/11/2019,-23.9561304,-46.3264089,44,81
10/18/2019,51.6661372,82.756927,89,48
9/29/2019,17.1056791,120.4557309,45,33
11/29/2018,22.265811,113.543784,94,73
8/29/2019,51.149402,34.3175225,79,26
3/15/2019,35.2495378,136.8995543,6,73
5/15/2019,39.2097706,54.594037,2,14
6/28/2019,-20.9977174,27.3352044,25,10
3/13/2019,-6.7345601,108.2777899,2,58
6/9/2019,27.519549,114.073416,88,12
6/5/2019,-1.6196441,13.6015463,75,58
2/25/2019,59.3119146,50.8076496,48,24
9/9/2019,47.3362701,-1.5349069,97,68
8/24/2019,32.23647,35.38711,15,50
3/16/2019,49.6935113,12.8516728,2,35
5/22/2019,5.77232,-2.091848,71,35
10/9/2019,-22.8340652,-42.0205561,40,68
6/1/2019,44.9153318,19.4516353,76,49
12/29/2018,30.893837,121.092179,91,100
7/15/2019,12.2328311,107.6216789,48,30
10/7/2019,18.9364797,-70.41976,95,61
7/20/2019,54.4225141,27.8338499,87,95
3/24/2019,46.67075,84.00739,13,14
4/13/2019,-10.9472468,-37.0730823,41,96
11/19/2019,29.0654415,120.2512222,28,40
8/20/2019,42.52056,130.39528,57,9
3/21/2019,-22.65053,-60.129002,69,63
5/9/2019,21.481291,109.120161,22,71
11/28/2018,-8.0888877,111.4514369,98,95
4/11/2019,-7.7232567,113.4686802,61,8
2/25/2019,30.7959602,120.6060568,61,4
12/20/2018,41.5565343,24.0428542,78,51
9/24/2019,54.1347287,33.2921685,92,22
2/28/2019,40.1999522,-8.5031422,29,39
7/1/2019,-8.6986,122.3514,45,59
5/1/2019,-31.48342,19.7582,65,57
1/9/2019,-7.4694177,108.2322266,63,54
1/21/2019,63.2370276,21.3941749,52,90
3/7/2019,38.5067706,-90.3766634,82,87
12/28/2018,38.1861536,140.6675584,17,2
11/28/2018,53.4131023,18.0085553,61,2
8/9/2019,49.9354529,18.9773045,87,84
11/6/2019,26.312444,99.850365,11,40
12/9/2018,31.44803,73.71257,9,100
2/11/2019,13.7051354,100.6461557,65,89
3/10/2019,-4.5456848,18.5997498,63,22
11/14/2019,29.990948,116.659999,55,21
4/29/2019,9.834321,-84.3368699,80,13
8/21/2019,1.672033,125.055298,70,41
12/1/2018,-10.02569,123.729698,26,24
2/11/2019,2.0454995,100.6365483,27,59
4/26/2019,33.8918998,35.5630426,4,3
12/8/2018,16.8782186,-1.9209164,50,35
5/19/2019,-19.90625,47.2342299,51,8
2/24/2019,56.3103675,38.1016955,31,53
12/9/2018,15.6497514,-87.997164,61,51
7/14/2019,37.2425649,111.8568586,98,57
10/3/2019,48.0282789,38.7656121,42,35
9/24/2019,28.365818,121.061097,76,94
12/21/2018,-6.8734228,107.074614,97,16
7/22/2019,39.8843177,-8.1035981,21,33
10/11/2019,-3.4383637,-39.1482174,27,98
9/22/2019,-7.13754,107.68305,40,97
3/9/2019,24.84662,116.746096,1,93
9/17/2019,61.7242142,50.9507271,22,13
4/5/2019,52.44387,15.11697,87,50
4/20/2019,40.290497,116.574067,11,51
7/16/2019,11.4218134,122.6653777,33,15
10/12/2019,47.87809,86.98955,62,40
12/5/2018,40.8318278,44.2797884,2,93
2/20/2019,-6.9143251,108.8105899,52,65
9/23/2019,45.9018536,6.121072,23,23
5/23/2019,7.3601663,9.0377612,46,55
6/16/2019,-8.4112772,114.1736608,30,55
1/28/2019,35.907757,127.766922,13,23
8/30/2019,-27.6618869,-51.2422395,56,92
7/4/2019,59.7591608,18.6810496,79,93
10/16/2019,31.5977,118.45323,89,27
2/24/2019,-8.3257,123.1505,96,20
1/31/2019,48.0885087,0.2075745,20,17
4/22/2019,4.1042005,-72.9283949,94,14
9/19/2019,43.2038704,44.8434843,100,80
2/21/2019,43.0007361,23.341193,65,75
11/28/2018,42.040521,119.2987161,92,70
9/17/2019,59.9162711,10.7067713,53,40
9/3/2019,-6.7659245,111.5259628,85,96
3/13/2019,18.0120542,-76.7984918,7,51
1/30/2019,-22.250939,-45.928795,80,46
6/24/2019,-6.22697,106.8264184,56,99
5/21/2019,17.9835237,100.051784,19,73
1/2/2019,49.5631235,21.7899388,49,12
11/1/2019,32.364918,111.594957,30,33
1/21/2019,46.4244411,16.4312318,23,30
1/23/2019,35.4335808,139.5718014,41,89
3/18/2019,8.427174,-76.787678,85,97
5/23/2019,8.9245,-74.47033,17,55
8/8/2019,-3.1914976,140.8872648,39,58
9/3/2019,14.5713307,121.0273302,23,56
9/28/2019,53.7111077,37.29209,34,97
9/9/2019,22.122658,112.814502,59,89
7/13/2019,41.7396715,-85.9262162,5,45
6/19/2019,-6.8939065,109.6386363,55,91
3/16/2019,57.9609962,46.6878846,3,39
10/14/2019,-6.2003572,106.6166048,8,1
3/28/2019,48.3228384,29.1521095,69,3
3/9/2019,53.2833165,24.4054988,28,2
1/13/2019,47.5173564,42.1602043,2,70
9/11/2019,12.0021794,8.5919561,42,29
11/13/2019,-1.0762009,-46.5547852,29,74
1/1/2019,23.736457,107.998149,12,16
11/29/2018,-7.1701665,108.3296983,51,52
12/12/2018,18.4678653,-69.9791319,93,26
8/7/2019,47.0419512,8.3140814,13,9
9/12/2019,30.6758871,-88.1837629,44,60
11/14/2019,31.849598,35.034977,34,6
2/8/2019,54.6410525,22.7575987,21,48
11/24/2018,-27.3863909,-56.8479781,79,19
3/25/2019,18.41253,122.133225,24,7
5/10/2019,47.278918,6.07097,95,38
7/26/2019,10.7900517,106.6281901,4,40
11/1/2019,13.789644,100.5199643,80,63
5/13/2019,-33.4408815,-70.6516913,74,56
3/2/2019,23.131797,113.407143,91,37
1/10/2019,43.6276714,-79.6306718,33,69
1/5/2019,12.8025919,45.0398942,51,13
11/5/2019,56.0127743,37.2229806,72,12
5/18/2019,10.9811398,-63.8788287,97,43
3/8/2019,60.910493,-46.04349,51,92
7/3/2019,-14.0262695,-73.9249692,46,25
11/7/2019,52.1598029,22.0590694,56,19
8/4/2019,51.8792137,39.5849504,44,85
11/30/2018,15.911973,102.4609873,51,69
12/15/2018,55.706844,37.4622629,60,48
5/6/2019,10.18462,104.92959,30,25
4/4/2019,-8.8014766,115.5740294,58,27
8/7/2019,28.228209,112.938814,65,52
8/19/2019,32.240853,120.2326771,75,86
4/20/2019,35.7418174,139.3234464,47,98
10/26/2019,26.8570638,44.1672804,64,90
6/25/2019,-34.5612986,-58.5878676,95,68
3/24/2019,50.3649126,23.7519532,38,59
9/15/2019,-8.3724396,123.4887939,73,3
12/29/2018,33.189192,120.103473,31,23
12/3/2018,-7.3742259,108.4454089,47,60
12/20/2018,39.978848,119.775799,82,21
6/29/2019,49.9211825,19.4250873,87,35
8/4/2019,49.0549661,16.6445006,2,32
12/29/2018,38.468991,114.745138,85,90
1/5/2019,55.599648,37.2712341,43,47
7/24/2019,56.0394628,12.7110264,79,82
1/6/2019,10.6267206,-85.4383376,47,61
2/12/2019,50.7784708,16.0928295,32,72
10/24/2019,-11.3826999,-75.7560455,3,88
7/23/2019,31.325748,113.393516,46,5
5/14/2019,21.459233,101.564635,84,63
9/22/2019,28.4499078,68.4494842,8,53
8/21/2019,29.689847,121.28259,82,45
10/8/2019,-6.5643956,106.2522143,26,43
12/7/2018,11.4218134,122.6653777,75,2
2/21/2019,33.9842691,35.6344491,75,72
10/19/2019,29.985295,122.207215,2,68
9/10/2019,19.3579802,-99.0806088,96,99
12/5/2018,-38.9573,-72.6269289,68,43
12/2/2018,38.0765476,-84.5955732,5,99
6/25/2019,48.8537451,2.53823,81,40
3/11/2019,-1.3928344,-78.4268758,36,75
3/10/2019,13.988942,121.1597568,51,52
12/28/2018,30.5211502,112.8915932,55,36
3/20/2019,31.7711077,119.9742793,85,14
2/26/2019,37.7852875,127.0458453,43,77
1/9/2019,23.15998,113.327132,94,40
8/24/2019,51.598999,109.580475,67,19
7/30/2019,7.833333,-11.666667,8,76
8/20/2019,57.3579277,61.6905815,49,85
1/7/2019,-14.96441,-70.403374,80,95
10/4/2019,35.580662,104.626282,42,86
8/4/2019,54.5782648,48.0835847,34,17
10/25/2019,-23.0886496,-47.2089525,3,45
11/12/2019,31.775967,111.846264,85,78
12/15/2018,-16.3081637,-41.4812771,47,2
12/8/2018,14.5792342,120.9965883,15,49
3/4/2019,14.6141298,121.0143507,45,13
2/21/2019,25.704338,101.87452,44,20
4/15/2019,-8.3482,114.2281,90,16
3/20/2019,-34.6093426,-58.5069115,60,77
6/24/2019,-7.7502929,110.9549155,77,84
3/31/2019,46.2075543,16.0435885,80,52
12/29/2018,34.7,-118.14,34,94
12/13/2018,49.116169,6.1807997,27,59
9/15/2019,8.37083,124.55944,26,70
5/2/2019,7.0887275,125.6197949,42,5
10/18/2019,21.3971282,106.71167,18,32
12/28/2018,-19.8502345,-47.3706554,92,96
7/1/2019,45.293877,41.0546109,12,99
7/17/2019,35.797997,112.92392,96,29
5/14/2019,-7.6492089,111.4395128,78,100
2/8/2019,59.924661,30.3865325,21,57
11/23/2018,52.3982331,13.2448535,99,81
2/25/2019,51.2928924,12.4645518,69,72
1/19/2019,28.976995,116.762907,21,8
11/25/2018,13.4218445,120.4189146,13,43
6/30/2019,-0.272699,36.3775152,14,66
2/2/2019,25.797931,110.011238,50,44
2/16/2019,59.3297318,18.0704829,63,52
11/2/2019,34.4042859,108.9810302,86,63
10/10/2019,25.234479,110.179953,20,31
7/2/2019,-1.2920659,36.8219462,90,52
12/30/2018,25.075123,117.017536,41,21
8/26/2019,-6.147133,106.6232359,20,18
4/27/2019,28.54,-81.38,34,72
11/15/2019,-12.5909084,-69.1963141,73,81
1/27/2019,36.5389716,136.6033466,93,55
8/5/2019,50.4333399,16.2304168,95,17
2/6/2019,41.2294415,-8.3150887,66,16
11/18/2019,30.637762,119.009039,89,96
5/31/2019,45.169716,126.959837,49,17
11/27/2018,21.826957,112.16519,77,49
8/27/2019,13.3678344,123.3081877,80,43
1/19/2019,-3.1190275,-60.0217314,55,43
3/30/2019,28.7559514,54.5546793,40,52
4/24/2019,7.46932,134.60991,4,25
6/18/2019,-28.2588438,-53.5009992,84,32
10/14/2019,-7.5450262,111.6556388,15,28
5/11/2019,-4.4419311,15.2662931,13,32
11/25/2018,41.1578541,-7.5547135,75,56
11/23/2018,55.8071267,44.086347,29,93
1/19/2019,53.3624134,55.9381136,22,72
5/20/2019,32.770894,119.745363,41,100
8/19/2019,18.178456,105.7028457,50,18
5/2/2019,55.9588361,37.6489954,76,13
10/16/2019,49.6574026,19.4151148,86,87
6/26/2019,35.1379343,33.1323409,60,34
6/9/2019,42.0948645,-80.1707662,95,31
11/19/2019,22.7918505,100.9840933,30,81
11/11/2019,39.377733,99.819316,79,75
5/8/2019,52.579839,19.6295361,50,9
8/1/2019,-7.5045992,112.542328,29,83
10/4/2019,14.8753647,-88.0729754,18,100
5/23/2019,60.0298805,37.8057169,53,98
1/7/2019,58.2768797,47.5136153,7,65
10/13/2019,34.035771,113.852454,22,47
2/28/2019,15.9593855,120.3136265,58,46
2/25/2019,21.1665519,104.9894851,83,91
4/15/2019,42.4324196,129.741477,92,11
2/8/2019,49.4378273,1.0974675,1,40
10/10/2019,-25.877477,28.313059,41,30
8/29/2019,59.8037463,30.6044813,36,73
1/3/2019,50.4086421,36.8953954,30,48
10/31/2019,24.6755872,121.770825,13,18
6/13/2019,66.2185015,23.0524409,1,66
6/20/2019,54.875414,37.2052788,41,75
3/26/2019,10.7119015,6.565661,16,88
2/26/2019,-6.9704332,112.8463007,80,32
11/7/2019,38.05106,114.463347,1,70
5/26/2019,53.7667424,91.3992147,6,75
10/20/2019,15.8672784,-87.8930184,26,21
1/31/2019,-38.9568843,-68.1247915,89,90
6/2/2019,-22.8140057,-45.1904004,35,16
11/19/2019,-34.7486079,-56.2338461,26,20
4/14/2019,-5.1782884,-80.6548882,88,59
9/14/2019,60.9501559,21.444609,17,11
1/27/2019,31.77,-106.43,25,24
6/7/2019,15.016667,-85.75,22,73
8/31/2019,51.2409432,33.2050521,6,97
11/13/2019,48.3284147,39.7960619,77,80
5/7/2019,-7.6534546,110.8046283,73,4
5/23/2019,12.2483626,-0.6251541,85,6
7/5/2019,23.5585593,89.9041371,42,10
10/24/2019,-7.8533911,111.2994071,38,84
10/3/2019,47.5202786,17.5142121,78,94
9/26/2019,35.7642515,10.8112885,46,82
8/19/2019,49.970045,19.944654,47,83
8/6/2019,39.630867,118.180193,8,53
1/1/2019,-34.4349435,-71.0913748,68,78
1/12/2019,32.890479,115.814504,91,52
12/8/2018,-9.7732,123.8661,40,63
11/27/2018,46.33854,124.04539,59,44
8/19/2019,45.4289588,-73.8689881,30,66
3/23/2019,6.7987866,124.6192703,69,95
10/23/2019,54.3667173,92.1024101,64,31
3/19/2019,10.391584,-84.138109,2,81
7/14/2019,41.9837685,43.5865947,51,99
11/5/2019,-8.5083726,115.5672264,52,28
6/25/2019,28.4630493,-81.460856,2,99
3/8/2019,5.5615409,-75.6091696,13,48
8/11/2019,14.1967923,121.4019727,16,41
1/19/2019,37.120983,114.671935,10,90
1/28/2019,40.7553689,-8.6455126,81,55
5/15/2019,-20.0791909,30.8384093,51,82
3/14/2019,49.660465,32.3448813,18,78
1/23/2019,34.289806,105.037225,31,73
5/15/2019,-6.2956209,106.6173415,59,35
2/28/2019,55.0385549,55.9861219,81,67
3/25/2019,38.5574091,-121.4848927,27,39
6/18/2019,-27.451456,-59.029959,20,51
12/27/2018,40.6502768,-73.9299499,73,41
3/4/2019,11.3451287,-72.3628361,66,5
8/21/2019,51.9075123,16.2061552,67,57
5/29/2019,10.3696393,-66.9571026,89,50
2/15/2019,9.939624,126.065213,56,23
6/8/2019,-6.6763886,108.5270231,48,21
3/30/2019,2.157713,100.8162,28,71
2/26/2019,41.3047616,69.2817267,100,54
7/3/2019,39.1605965,-9.3472738,48,43
4/13/2019,-7.9780918,112.8007246,100,20
4/20/2019,43.7713642,17.0283262,1,15
6/16/2019,58.7500889,16.8539366,15,5
9/12/2019,27.999411,115.932899,77,92
6/19/2019,27.775323,108.796556,77,81
2/25/2019,-8.5891214,125.3411388,46,94
10/3/2019,29.003994,92.564016,93,51
8/4/2019,-7.6772147,109.0185719,84,63
9/22/2019,-7.893728,110.1434668,59,74
6/4/2019,47.028397,129.0207931,64,89
7/14/2019,46.136968,15.3941873,50,4
2/18/2019,49.7877327,37.1720386,22,86
4/8/2019,5.0153677,-9.0377612,76,53
4/28/2019,-9.483333,-72.716667,56,11
6/7/2019,-7.4873219,111.4156647,79,5
11/29/2018,5.329576,103.1369108,74,49
2/2/2019,36.759507,110.632006,33,46
9/29/2019,-18.1450471,31.8477213,12,53
5/21/2019,-0.9342008,100.3617345,52,19
3/9/2019,7.1889377,124.6303406,51,71
3/6/2019,41.3272921,-8.6275135,75,37
8/4/2019,24.9104797,69.3504869,1,88
7/4/2019,22.7325323,-12.4753205,63,97
8/16/2019,29.584292,111.380014,6,74
10/2/2019,15.79903,120.4542479,15,68
2/21/2019,13.7583256,-87.16535,30,77
4/13/2019,40.4843379,-7.8884665,29,53
5/7/2019,58.4046127,13.8543626,28,74
2/16/2019,-8.83126,121.05243,48,76
11/19/2019,38.9693412,-9.1822048,24,63
6/28/2019,18.7744983,98.9989307,42,1
11/13/2019,39.7376099,45.3925813,21,99
10/19/2019,-8.0433348,113.0762954,2,95
7/4/2019,18.8839458,100.3031364,24,31
10/25/2019,-21.8047006,-54.5432691,77,83
12/18/2018,31.070643,113.943274,95,71
6/12/2019,44.1087666,-79.4985091,4,35
8/24/2019,48.9089753,2.3011787,97,99
11/10/2019,40.2343129,44.2868976,70,62
5/8/2019,28.6517195,-100.5577685,35,5
3/7/2019,-6.9401945,106.9247932,5,45
5/18/2019,32.9629396,-96.6691579,61,69
4/21/2019,36.3566484,43.1640004,60,20
3/28/2019,45.4698284,13.6405292,51,57
5/5/2019,45.6103043,79.467517,92,30
10/10/2019,40.9178949,-8.4250467,15,31
10/2/2019,57.9910574,11.5482426,18,46
5/11/2019,-12.67442,-75.325157,42,42
4/21/2019,-23.0246201,-45.5558631,87,14
11/10/2019,32.463219,-116.827715,76,62
6/7/2019,43.7441795,2.511999,33,49
7/19/2019,26.4068381,-80.1058665,82,95
4/16/2019,31.697836,35.22853,49,43
9/15/2019,42.1333129,24.5376727,58,55
7/16/2019,40.2259198,21.8296162,96,25
9/27/2019,46.272878,102.7790303,69,72
10/22/2019,24.1838881,120.617471,79,32
4/2/2019,-20.6869406,-41.4812771,33,63
1/18/2019,51.9956496,70.9359277,78,59
7/5/2019,20.7917375,-102.7817591,35,79
10/12/2019,34.620202,112.453926,37,43
10/28/2019,43.8345697,87.5861351,40,53
4/1/2019,52.6638144,-8.6340751,49,78
8/23/2019,38.6015735,-9.1396466,24,37
7/22/2019,30.939169,100.311368,96,88
4/19/2019,31.647135,120.93382,11,63
11/5/2019,49.0395242,16.6188111,24,52
8/3/2019,-6.8416993,-70.2408325,3,57
10/14/2019,39.8343699,-8.8501923,17,15
8/24/2019,35.83339,102.6395,53,16
1/11/2019,27.88157,102.267712,7,3
10/17/2019,60.889349,24.5208664,45,65
3/12/2019,49.6400856,17.2107059,14,64
8/9/2019,33.92692,116.475691,31,41
4/26/2019,39.593883,125.6030836,18,75
1/2/2019,47.4936583,21.66245,66,44
10/23/2019,10.468522,-66.1059484,19,27
1/12/2019,9.364014,123.2468727,54,2
11/15/2019,39.856317,96.779317,24,69
5/14/2019,-8.8143,121.2744,66,3
2/11/2019,-7.7911198,-79.2197376,26,12
8/6/2019,42.0096857,-4.5288016,31,70
3/23/2019,35.0354386,9.4839392,37,51
12/9/2018,31.790235,34.759291,36,8
2/13/2019,41.4716583,-8.3564179,98,6
7/15/2019,32.4322509,74.5809328,30,1
10/12/2019,42.8201977,74.1122506,82,100
12/4/2018,14.8533744,100.9894413,20,100
9/24/2019,18.7915629,100.7832784,43,24
10/17/2019,36.3029195,139.9768546,88,19
10/6/2019,43.4829443,44.5893304,85,57
7/10/2019,22.863502,114.333767,74,85
12/5/2018,6.6172697,101.4284143,5,49
5/12/2019,25.823925,111.014357,57,79
7/7/2019,15.226768,102.496025,46,32
5/26/2019,-28.4627561,-65.780154,75,88
5/19/2019,30.20003,115.038835,18,33
3/2/2019,8.5531389,123.7669004,22,44
1/28/2019,39.928353,116.416357,47,62
7/3/2019,52.2608863,6.9041984,9,71
7/3/2019,40.288561,-8.4435315,26,6
12/20/2018,28.264515,115.9608,56,26
12/1/2018,32.6947983,-17.0982397,99,52
1/24/2019,33.551052,119.113185,41,69
4/21/2019,38.7222088,-9.3435691,70,24
1/12/2019,8.016667,-80.45,86,87
10/12/2019,-9.7413641,-36.4580775,47,11
1/9/2019,44.6603148,-1.1648341,46,99
5/13/2019,32.19828,119.47016,60,58
1/9/2019,47.3892142,0.6942885,47,22
9/29/2019,43.2625974,23.6556259,66,58
12/24/2018,-5.282644,123.5839983,91,43
11/22/2018,24.094765,116.00509,75,17
11/12/2019,25.714796,100.193584,27,49
5/19/2019,45.2557594,41.8390104,9,65
2/6/2019,-7.934176,-35.2920979,1,21
8/12/2019,26.207631,113.767529,6,44
7/21/2019,19.701143,110.242109,81,79
12/15/2018,-7.2792087,112.7657727,70,2
4/3/2019,22.8387258,112.3810562,35,82
12/5/2018,-33.3077816,-66.328463,53,100
5/30/2019,-22.2592565,-50.9706116,68,93
5/31/2019,54.9428925,20.2216245,70,44
3/6/2019,14.5598603,121.0335354,100,34
11/13/2019,42.4999931,18.6517064,41,50
11/22/2018,-11.5741352,-77.2663771,48,54
6/5/2019,57.315861,107.092445,96,76
6/19/2019,22.251924,112.794065,76,77
9/23/2019,-8.314,123.252,82,15
6/26/2019,-7.2929068,107.2666396,80,48
8/26/2019,23.696329,117.433977,83,72
12/29/2018,-37.1468126,175.5477294,90,68
10/31/2019,52.2060223,23.083666,75,81
10/13/2019,28.2706055,69.0006638,47,42
8/27/2019,4.870121,-75.62239,89,14
10/14/2019,17.9567646,-102.1943485,52,49
11/7/2019,39.2167,-9.2167,17,35
6/20/2019,7.116798,125.9279251,94,80
10/12/2019,38.1086472,140.8706157,65,65
2/2/2019,-32.972878,-60.6916164,60,76
4/9/2019,40.753655,111.673881,28,7
4/20/2019,14.8823312,120.224318,43,63
9/24/2019,12.9653403,5.7418305,51,75
6/26/2019,40.6400629,22.9444191,87,42
6/6/2019,46.1544155,14.9301007,4,57
7/2/2019,50.4216642,14.3468802,93,5
2/4/2019,-2.7529366,33.9164563,6,32
10/4/2019,16.2569214,43.9436788,45,80
12/8/2018,-12.6010371,-38.965934,70,31
10/16/2019,-6.3874037,106.8620891,87,30
6/15/2019,49.63336,-105.98446,93,76
11/7/2019,40.794611,114.8869194,60,72
8/9/2019,42.611806,-71.3329476,40,64
3/1/2019,59.9112915,10.7140212,93,15
7/13/2019,-7.0294857,-34.8458603,74,49
4/17/2019,11.9647609,121.9252429,81,47
6/23/2019,47.9318074,5.2893597,37,16
10/27/2019,57.8308498,50.0688474,53,16
8/8/2019,55.747854,37.7783839,66,57
12/26/2018,-24.2298687,-65.1737343,96,18
11/16/2019,51.8063451,26.0265105,97,2
3/16/2019,-17.6282228,18.6101405,83,8
1/18/2019,41.09028,128.29333,27,23
2/26/2019,36.625656,114.538961,72,75
2/19/2019,49.9581804,22.281877,44,79
4/13/2019,60.6302526,28.7309501,45,49
11/7/2019,31.1655344,121.6793537,89,86
6/15/2019,38.2019852,-7.7430854,98,31
8/2/2019,39.4242713,-8.6985716,9,1
9/21/2019,56.213277,43.29085,55,26
6/12/2019,25.5810414,89.6616352,91,46
2/19/2019,39.858427,116.287149,100,75
8/7/2019,59.1956358,17.5208614,98,88
5/14/2019,40.6027503,22.9896482,19,23
10/16/2019,27.432184,112.141238,96,45
6/3/2019,49.8922979,19.621588,40,83
12/27/2018,26.497669,104.980581,6,43
12/29/2018,12.6972323,7.1682514,83,95
6/3/2019,28.55386,112.35518,37,54
5/14/2019,45.7849952,-72.0145063,61,54
1/2/2019,52.6057865,21.8949682,85,80
10/28/2019,59.76039,30.4754399,2,36
11/4/2019,-10.28917,123.70037,54,36
1/18/2019,14.1257455,-89.4954794,84,82
10/8/2019,56.5385265,14.1115837,19,23
12/20/2018,-16.7918481,47.6479775,92,72
7/17/2019,58.1858939,11.9854751,94,98
1/1/2019,22.8064234,-82.5848464,97,40
7/4/2019,16.0213558,100.417181,84,31
2/14/2019,32.756417,21.7376178,27,64
10/18/2019,30.605585,91.862132,2,39
12/19/2018,39.309746,115.958784,62,98
2/17/2019,48.7131111,5.0953327,38,86
4/28/2019,58.0618351,7.584995,68,88
3/15/2019,35.1241195,-90.0443217,20,73
12/4/2018,-23.5213379,-46.185867,51,14
12/2/2018,55.7558852,37.8775383,29,36
5/4/2019,7.8910267,-11.9041439,27,85
7/12/2019,52.0008866,20.6716007,73,66
10/23/2019,-8.5614257,115.4562114,6,85
6/29/2019,27.817808,114.917346,11,88
1/30/2019,20.4314732,96.1367935,88,80
5/1/2019,14.5257818,20.9238397,87,45
9/28/2019,8.519857,123.533832,37,72
12/5/2018,41.494692,22.096939,65,5
6/21/2019,7.1849927,124.1839966,9,22
12/28/2018,31.2144668,121.4890556,73,45
8/4/2019,-6.7369905,111.6694262,25,25
5/27/2019,44.7767137,20.5324028,54,71
3/26/2019,31.685608,35.120362,64,48
7/16/2019,27.522069,116.336069,67,7
10/2/2019,7.894825,98.298895,55,38
6/17/2019,42.7021916,9.4476864,44,9
4/6/2019,55.41667,22.61667,39,37
10/13/2019,19.3387759,-99.1497466,21,12
5/18/2019,8.50874,-73.4488,46,6
12/17/2018,35.6891975,51.3889736,4,32
9/28/2019,-7.040572,106.8448686,19,92
7/4/2019,3.6489578,18.6353764,53,19
10/17/2019,26.982106,117.980053,36,36
9/16/2019,2.384507,-75.542888,24,33
12/18/2018,29.103856,110.451191,32,48
1/17/2019,38.5796262,141.2777515,48,45
1/5/2019,-20.353624,-41.5338333,73,21
4/28/2019,50.2036798,19.0197207,69,50
9/4/2019,40.533557,19.5954894,91,82
10/4/2019,-29.9132584,-51.1861921,70,94
2/4/2019,61.5597487,22.7786925,94,3
7/17/2019,33.5147935,130.4936331,37,53
8/7/2019,46.1468572,6.0796844,98,29
8/25/2019,45.53257,107.04546,74,8
8/31/2019,-26.800415,-60.840114,51,94
12/8/2018,-7.3977218,112.7226611,21,9
6/16/2019,-25.2005643,-56.3978117,12,4
12/19/2018,44.1875931,-77.3882908,11,94
12/22/2018,-29.7187338,-52.4305596,9,20
7/30/2019,40.9292486,23.1765232,25,29
4/14/2019,42.901533,125.136451,23,54
9/14/2019,29.402881,109.927743,28,86
8/1/2019,50.4252048,14.2604647,5,44
6/18/2019,6.8050227,1.7879685,4,85
8/31/2019,39.024258,88.166695,74,56
4/9/2019,-7.0392183,109.9020509,30,98
2/12/2019,-6.7836529,111.1384418,39,65
6/8/2019,34.9822925,134.9774188,30,86
9/14/2019,25.692148,-100.2638682,45,19
11/24/2018,8.1402266,5.0963141,88,25
10/13/2019,-7.4704747,112.4401329,85,11
10/28/2019,22.919769,113.618216,19,11
1/30/2019,37.1029277,-8.0989597,45,89
4/4/2019,26.641315,100.222545,23,72
8/10/2019,12.712478,124.036411,30,62
4/25/2019,41.21966,118.799497,15,65
4/17/2019,48.7855359,2.0425663,35,37
3/16/2019,53.2833165,24.4054988,96,50
11/6/2019,17.0521348,121.7050399,28,10
3/22/2019,17.8200009,120.4544261,50,65
5/19/2019,8.972681,125.408732,79,30
3/15/2019,37.99,-84.52,30,40
3/9/2019,26.7271466,85.9406745,50,90
3/6/2019,51.1164143,34.4870021,25,75
8/15/2019,51.9696042,18.7966596,13,29
5/10/2019,40.466606,-8.6357798,39,63
5/21/2019,-1.133947,103.0702646,69,12
12/15/2018,32.990664,112.528308,88,48
1/7/2019,51.1981241,18.191303,71,22
12/26/2018,30.819696,121.08105,79,30
7/2/2019,33.012631,110.745729,89,52
1/13/2019,-6.916443,39.2246882,55,64
2/2/2019,55.7165288,37.784921,7,43
6/22/2019,57.2840834,55.4543246,19,91
1/6/2019,6.0122865,7.0175879,5,50
8/5/2019,8.3910287,125.7869157,34,86
11/21/2018,31.93592,35.005,88,30
6/15/2019,34.401112,107.759245,37,43
6/24/2019,-23.5388072,-47.4563943,6,5
10/29/2019,15.5168467,120.6069565,22,8
6/27/2019,50.2637942,17.3960222,6,70
4/24/2019,-6.2291489,106.8548083,9,25
9/12/2019,38.8053198,-9.353007,35,53
10/21/2019,47.785421,-3.2602564,60,19
12/26/2018,-1.0762009,-46.5547852,62,23
10/18/2019,9.9296381,123.1721164,91,78
7/11/2019,40.385424,115.869854,75,29
4/10/2019,59.3316697,18.0278909,52,88
8/24/2019,18.0651384,-77.4658948,42,22
5/3/2019,18.50831,109.277378,77,79
8/17/2019,41.4853545,-7.1808711,84,71
6/26/2019,14.3291647,120.9756165,14,41
9/8/2019,36.334104,113.228852,3,19
8/3/2019,16.5284299,101.638266,64,100
10/3/2019,40.9089779,-8.421278,85,84
8/29/2019,33.833797,35.544145,32,68
11/30/2018,24.052487,114.701871,27,70
11/15/2019,50.8790699,26.4423222,72,91
4/23/2019,-1.3516263,131.0797172,47,50
6/14/2019,-6.3235522,106.6948015,2,27
10/10/2019,51.6711341,20.1795118,47,65
3/4/2019,55.847796,37.5643911,54,79
3/31/2019,45.7788583,15.8518566,6,34
6/26/2019,42.8818379,-82.1444338,28,43
5/27/2019,30.917795,121.474042,34,27
4/19/2019,7.0024321,-9.4728244,19,11
9/10/2019,-7.35,-79.033333,83,18
6/3/2019,59.9403761,10.7691773,2,98
12/23/2018,63.1908332,64.4183685,8,98
1/12/2019,51.4695254,22.9549933,97,52
9/27/2019,29.1893104,54.3139277,58,6
12/11/2018,-7.5475962,110.2727965,100,27
4/12/2019,-6.8750244,111.9850391,9,9
3/30/2019,29.046809,110.482084,85,61
1/28/2019,7.193611,100.592145,37,59
12/14/2018,-38.9833,-72.6417312,65,97
12/2/2018,5.3523231,100.3573891,37,66
1/24/2019,31.464581,120.779264,98,22
12/6/2018,18.8962696,-96.9417785,48,69
10/23/2019,-20.4780364,57.4796981,31,41
2/28/2019,54.6,24.16667,62,4
1/27/2019,-24.6930487,44.7451765,77,12
10/13/2019,61.7927812,24.5525054,68,7
10/13/2019,3.1035814,101.640078,47,58
9/7/2019,39.9912749,116.4717334,55,69
2/4/2019,52.2467951,15.800102,94,72
8/5/2019,49.0156679,33.6450451,90,20
7/15/2019,58.3492338,45.5173688,54,15
1/11/2019,60.869764,60.437305,98,34
10/28/2019,29.287939,121.429477,73,94
10/21/2019,-8.6837074,116.2895173,27,12
6/8/2019,51.1644956,18.2903712,61,24
9/12/2019,51.811764,18.7885677,86,3
5/16/2019,32.596752,95.308054,31,75
4/15/2019,-7.1108,113.5265,20,35
12/20/2018,24.9372186,118.6422409,37,37
7/7/2019,42.6688027,129.1189472,87,20
1/6/2019,-7.7798092,110.3562018,81,54
8/6/2019,29.948998,121.716539,33,95
10/12/2019,37.0514525,25.4982396,50,1
10/24/2019,-8.3526057,112.5814255,54,64
2/10/2019,-13.4017106,-44.2097085,26,93
5/28/2019,49.6823404,18.468024,19,100
7/19/2019,-2.4655425,140.4101474,83,58
7/7/2019,40.7871438,48.1523426,18,24
1/22/2019,-34.5903044,-58.4985279,99,93
8/9/2019,36.1181827,36.5162077,30,49
5/10/2019,40.058523,116.638776,1,92
6/9/2019,14.9380064,121.0208817,50,59
8/11/2019,52.78747,14.49337,14,64
5/20/2019,44.1136058,43.0824192,10,75
9/8/2019,40.3833356,-8.471242,6,52
6/13/2019,45.4698284,13.6405292,48,100
4/15/2019,18.6861986,98.9193549,98,30
11/1/2019,45.2759652,39.9140414,39,36
10/28/2019,6.3726849,125.1367621,29,44
2/22/2019,32.704029,35.166003,68,86
4/10/2019,40.427682,-8.6947028,49,79
9/30/2019,28.705864,109.276796,17,82
11/6/2019,41.1266172,23.3819761,23,83
7/30/2019,62.9663709,27.6707397,47,65
1/15/2019,34.540852,109.44096,37,20
5/29/2019,45.26678,-73.61588,35,72
9/23/2019,43.884893,-0.5046003,30,81
8/3/2019,32.4322509,74.5809328,95,16
5/26/2019,48.7277622,100.7724281,4,39
2/28/2019,7.9187344,125.3297787,97,26
8/11/2019,-34.6893026,-58.5247124,11,85
5/19/2019,28.902428,118.57189,93,11
1/20/2019,48.0158729,40.8393808,12,75
6/4/2019,-6.4185424,106.8502879,43,64
5/20/2019,39.224791,117.135488,48,22
12/1/2018,36.604225,116.249785,40,91
11/30/2018,43.8139627,1.9593782,84,11
