2019-12-11 17:40:18,48.4765379757045,-1.54902290485288,3.75907105475621,0,7,7,22,98,61,9,1,91,80
2019-12-12 10:14:43,48.4955672926715,-1.11493819445136,6.42905173610386,0,11,29,20,79,32,64,30,77,47
2019-12-22 00:53:35,48.9079350255932,-1.54267838622568,3.37187908374326,0,10,22,8,67,91,51,95,68,86
2019-12-19 09:51:01,48.1971938722754,-1.16180039903233,7.66308909685495,0,15,7,22,7,36,52,63,50,71
2019-12-02 09:28:11,48.0198891977872,-1.18787477313908,9.8804738548959,0,13,18,45,86,30,13,88,40,3
2019-12-16 14:47:44,48.0881598033422,-1.68135128388244,-3.69425623756566,0,17,13,48,81,19,94,67,46,17
2019-12-12 13:05:45,48.2723482955584,-1.682873965559,6.76742186991843,0,12,6,23,19,43,59,72,79,46
2019-12-22 11:42:25,48.9277030652984,-1.35323428425623,-2.33078353122379,0,9,12,11,63,94,51,4,89,13
2019-12-28 22:44:19,48.7448829597537,-1.01694051456495,10.3765034900869,0,4,26,0,46,90,85,66,27,92
2019-12-02 12:12:53,48.7782231759179,-1.00452640047508,11.2538852385496,0,11,25,32,54,71,73,39,36,74
2019-12-09 05:51:42,48.1445282237346,-1.57855502822369,10.7302847005102,0,16,23,48,10,39,78,84,92,29
2019-12-16 15:08:30,48.0435139755921,-1.77831802832816,4.75298946804972,0,9,8,26,64,78,64,48,83,26
2019-12-06 18:13:06,48.0762061179039,-1.12364779558203,6.15566165752507,0,17,14,3,22,62,10,35,27,2
2019-12-23 08:57:00,48.6239454357996,-1.7502511519707,1.31920602699705,0,5,0,32,9,72,42,4,35,37
2019-12-08 11:39:17,48.2747234600944,-1.77847651288774,0.0230126325148217,0,5,6,40,49,84,82,20,54,54
2019-12-16 12:33:14,48.6387720842095,-1.18656279946983,14.4939140996402,0,1,0,44,76,26,69,67,19,28
2019-12-19 07:56:17,48.453084138433,-1.79650971470238,-1.74826813663741,0,4,15,40,85,72,93,42,88,18
2019-12-12 04:14:47,48.6245287710915,-1.68656287420847,-4.7680995379426,0,3,0,12,90,19,58,27,59,95
2019-12-17 15:38:43,48.9804839943445,-1.80153569569883,-4.95796702194864,0,5,23,0,89,45,9,14,46,1
2019-12-06 17:09:55,48.7447481144894,-1.74799920327403,12.6552158983681,0,13,24,46,62,70,52,50,21,84
2019-12-03 01:15:58,48.8816644637294,-1.99991005426269,2.45326690443478,0,8,24,29,78,79,51,71,62,84
2019-12-24 06:17:23,48.6574298551574,-1.13982110756441,2.18614685218136,0,11,28,31,93,8,50,16,2,22
2019-12-12 04:52:26,48.7042984043734,-1.75021026178739,-2.16780475255465,0,16,26,18,6,78,78,87,9,25
2019-12-14 11:36:10,48.5158734822254,-1.81525612055103,7.70501173739555,0,7,20,20,47,57,40,85,84,19
2019-12-24 04:42:32,48.1165253124742,-1.4299652238516,6.15536970745556,0,12,2,38,77,86,59,71,92,3
2019-12-07 15:35:25,48.8395383622681,-1.52702260507598,12.4971830712153,0,18,0,45,45,26,78,5,17,40
2019-12-25 21:37:28,48.657596265272,-1.08137004174356,7.60797284338995,0,13,27,40,99,12,57,29,1,15
2019-12-30 05:40:03,48.3648286836058,-1.83351984193247,1.51352727250826,0,10,16,25,23,26,4,11,2,88
2019-12-17 04:49:16,48.696098198507,-1.77594498907027,13.3297169298538,0,9,1,1,41,56,25,57,71,4
2019-12-02 02:35:06,48.4358684506434,-1.57968261632122,6.72648366621066,0,9,7,6,59,79,39,39,53,7
2019-12-11 08:15:58,48.582859019089,-1.48555159032603,-2.33962415267696,0,9,12,49,83,43,60,72,75,8
2019-12-17 13:38:10,48.2263945556369,-1.09015942462262,3.61372623528062,0,17,1,31,67,67,85,60,28,94
2019-12-29 14:18:53,48.60859754058,-1.71738524023322,0.163162880653126,0,13,19,22,52,78,72,8,74,60
2019-12-11 13:05:28,48.1564848609997,-1.22595015644373,1.15340055765277,0,19,13,40,15,92,26,73,46,64
2019-12-06 21:36:15,48.5143969242994,-1.41450652778824,-2.10429324447377,0,15,25,34,59,34,54,83,43,55
2019-12-06 06:57:08,48.1982572508036,-1.16469279451514,1.60732533671303,0,19,18,4,42,40,98,82,6,96
2019-12-29 19:39:24,48.8011917792266,-1.24067653959649,-0.190875697969867,0,8,9,45,46,89,96,46,67,22
2019-12-09 08:16:29,48.9521867395156,-1.23271706618029,0.187782092107358,0,14,22,23,61,32,60,56,93,78
2019-12-03 10:36:29,48.0933841937656,-1.29974373863067,7.52859598003728,0,10,4,42,67,56,56,17,3,25
2019-12-20 08:29:01,48.6667101065008,-1.16075422342902,0.138104015094277,0,8,15,44,15,83,75,79,27,28
2019-12-08 10:07:42,48.8447561617218,-1.08227452546464,10.0545011023313,0,8,16,34,14,70,95,59,4,56
2019-12-13 19:23:29,48.0359004424121,-1.74328379972991,8.84044270163423,0,15,27,37,99,17,22,77,27,60
2019-12-04 17:02:14,48.8530404147939,-1.15937761783571,9.44985036386636,0,3,22,35,85,40,6,64,48,71
2019-12-26 07:13:55,48.9944712636035,-1.22031124831192,8.97533034764944,0,3,9,21,45,68,80,15,12,38
2019-12-06 03:30:14,48.6395398041418,-1.80887894463208,13.5883859892322,0,11,8,27,74,79,52,10,99,37
2019-12-10 02:08:45,48.6924644064589,-1.69050278919307,0.165804966430089,0,18,15,5,54,70,79,97,98,61
2019-12-30 07:51:06,48.88893661736,-1.23676210420055,8.65767146770734,0,14,5,37,6,8,99,73,26,27
2019-12-24 16:55:43,48.2071677880395,-1.81964143776318,-4.95780585285174,0,10,3,18,40,97,21,4,90,8
2019-12-24 01:36:35,48.9009868171536,-1.22168747439128,-4.5360131890215,0,1,21,35,81,25,40,13,11,65
2019-12-25 16:44:38,48.6212518697703,-1.20788609292725,1.09835907448938,0,19,24,9,47,72,9,34,73,8
2019-12-15 06:08:32,48.9451225516131,-1.59403437589949,6.14588031039847,0,1,27,12,26,7,32,97,94,38
2019-12-10 21:26:55,48.7543621727984,-1.47366751193705,-0.908774402881402,0,1,12,1,18,53,57,20,31,70
2019-12-24 04:13:11,48.7985347196453,-1.41540268455418,13.4020319717946,0,2,12,17,76,53,84,20,95,58
2019-12-22 07:10:27,48.4987106567708,-1.10287940926053,-3.27420677024601,0,2,19,11,59,13,71,25,40,79
2019-12-22 14:35:49,48.0428824103637,-1.95061571707512,0.651867471938891,0,7,7,36,99,48,0,75,21,3
2019-12-04 02:30:11,48.2720069728196,-1.82844517046048,10.6289491227963,0,11,24,8,84,7,70,34,77,93
2019-12-26 14:37:24,48.1370938015809,-1.07572960624272,-0.892606771966725,0,19,1,18,66,60,11,40,93,42
2019-12-18 11:16:37,48.095734339252,-1.91573446705739,12.9121028878317,0,13,29,13,19,50,49,11,16,76
2019-12-12 12:54:38,48.8648645537276,-1.56009086107839,4.24448821239382,0,5,12,17,36,34,33,99,57,93
2019-12-18 18:02:19,48.4683305544166,-1.23516352671905,-1.84328364899535,0,0,7,8,2,3,55,63,13,96
2019-12-17 02:34:37,48.4914257072338,-1.37464163656097,13.8534037549297,0,9,15,11,18,59,50,60,33,2
2019-12-27 18:16:20,48.9501018700889,-1.76169732062225,1.32603608785478,0,13,25,30,39,45,20,40,37,83
2019-12-07 08:50:18,48.6146661805057,-1.97401111385506,14.4294889412958,0,19,9,5,7,74,84,24,50,0
2019-12-14 00:17:34,48.4759799654018,-1.08168116960753,11.7288760271523,0,1,6,24,81,53,94,96,35,51
2019-12-15 00:14:52,48.8295959387112,-1.25548940676054,5.64987168118817,0,19,26,18,38,19,5,26,24,50
2019-12-30 12:12:15,48.4348670902824,-1.19625564114948,0.539359403093978,0,17,26,49,53,42,76,40,79,23
2019-12-03 20:22:10,48.4353833638296,-1.14480546449535,-2.37870903563626,0,13,21,42,54,91,81,99,85,35
2019-12-03 13:26:58,48.725566214754,-1.09026691508026,11.9574455194908,0,12,14,0,42,7,17,3,13,60
2019-12-08 20:40:39,48.1314433832334,-1.96458959391554,3.61680557188429,0,15,16,21,13,48,44,38,33,39
2019-12-11 06:00:09,48.8424178314593,-1.29292230461395,3.46422713690634,0,15,25,12,12,22,90,77,94,70
2019-12-17 00:27:13,48.6621857693708,-1.97055074617758,12.9420693739979,0,15,20,37,23,94,86,53,48,20
2019-12-28 10:35:57,48.8291532880762,-1.71382800383206,1.91292322842075,0,13,13,31,83,33,82,78,81,52
2019-12-23 04:49:28,48.9488218314707,-1.88423058478359,-4.81730986843692,0,7,8,36,78,9,42,48,34,51
2019-12-23 18:42:56,48.9554395726674,-1.92323285570519,13.9009219780103,0,1,21,47,46,73,62,12,14,93
2019-12-23 18:15:07,48.2137699584541,-1.29309901795029,11.7409905333728,0,6,13,14,77,92,46,87,12,87
2019-12-19 00:12:07,48.2915690612474,-1.66641613173597,0.0491773137120424,0,6,10,20,77,96,55,58,40,14
2019-12-18 14:14:09,48.7771241198187,-1.57157808848265,-1.46073556759429,0,14,29,13,32,73,58,13,6,25
2019-12-18 01:25:46,48.6053959655601,-1.97152683184088,5.81162949177047,0,17,14,48,30,96,76,4,13,28
2019-12-20 04:09:43,48.7209887014334,-1.92947383501077,-3.96612999726372,0,8,15,7,57,51,20,45,89,38
2019-12-24 13:53:21,48.3954345948973,-1.97952399867565,14.3648123677656,0,10,0,38,59,35,90,70,1,55
2019-12-10 21:55:28,48.9589505954454,-1.68261888142797,3.79723309064155,0,6,4,37,51,6,31,78,56,37
2019-12-14 06:06:42,48.8366793910212,-1.2522906787937,6.22114023762808,0,9,13,17,8,84,65,41,93,20
2019-12-02 22:36:09,48.6646093985367,-1.736815088306,0.530843341970278,0,2,4,31,10,1,81,21,42,59
2019-12-17 14:44:10,48.2693715590375,-1.19918013699315,8.66192169285469,0,17,25,17,34,47,66,94,11,39
2019-12-14 03:28:01,48.4979265483552,-1.18293181070263,-0.931048992523481,0,8,29,17,65,42,20,43,97,33
2019-12-25 13:35:35,48.1437105141318,-1.21519743195511,0.631288777399477,0,17,2,1,15,40,12,73,0,68
2019-12-28 00:33:34,48.9647447881125,-1.48972875927097,9.91136535578937,0,4,29,39,59,84,53,88,89,3
2019-12-08 12:31:35,48.163573828602,-1.04895241979926,-1.74738026677975,0,9,13,14,41,76,3,1,97,16
2019-12-07 17:04:22,48.1275374750269,-1.68704151114777,3.31269565472039,0,4,25,48,45,35,51,96,87,46
2019-12-19 22:19:26,48.8098036096477,-1.3184009661518,2.82910745582967,0,10,27,36,80,48,48,14,24,58
2019-12-09 00:30:51,48.064071824804,-1.53229264986342,11.0552965011705,0,1,4,25,53,26,42,63,77,54
2019-12-11 04:55:36,48.3427007390851,-1.90345609137018,-1.02741075727502,0,7,21,14,19,59,45,45,6,54
2019-12-06 07:49:18,48.7435366025863,-1.59250078564161,-0.453150420660689,0,17,11,35,24,5,8,90,37,4
2019-12-23 12:18:51,48.8811810747167,-1.13655662868943,1.94282982169782,0,19,17,11,36,1,37,62,2,75
2019-12-30 21:52:36,48.0245722546357,-1.99159045517053,-4.85232089173623,0,11,2,0,80,64,1,97,13,69
2019-12-12 11:06:15,48.0798033890686,-1.85363156527916,1.23270933154631,0,9,26,30,7,81,63,69,94,15
2019-12-27 08:48:09,48.2526411950833,-1.44597624123375,3.72304157992967,0,7,14,16,36,45,81,63,87,83
2019-12-23 19:39:47,48.0394113147815,-1.53166782321952,13.992075022772,0,6,1,49,80,3,68,94,82,48
2019-12-06 16:42:36,48.2902873271565,-1.45712853430637,-0.380233953418319,0,0,24,5,41,4,67,2,69,39
2019-12-18 09:36:25,48.6787380290584,-1.49898176477243,5.33057985330493,0,17,24,19,65,1,12,5,57,17
2019-12-02 03:13:18,48.0023546898748,-1.06984444245223,6.76290158404172,0,13,7,21,91,76,11,29,89,55
2019-12-29 11:01:53,48.1210795678762,-1.56738457436086,4.39638040279801,0,12,13,25,34,43,19,29,43,71
2019-12-06 09:54:44,48.1253915229465,-1.60857445309338,4.8817254714117,0,16,4,0,24,57,11,30,47,87
2019-12-25 01:28:10,48.740928392271,-1.26184812200342,-3.51618853747667,0,16,25,8,37,50,55,26,94,71
2019-12-15 18:56:33,48.0969148339224,-1.5595605944095,0.766463747604966,0,17,24,27,90,10,95,75,91,22
2019-12-28 20:18:58,48.0916754845957,-1.01860479312884,7.73285539761784,0,16,10,37,37,2,10,90,68,74
2019-12-09 17:27:18,48.6797249590418,-1.70188567307866,0.277908004949758,0,15,10,35,78,61,48,97,26,40
2019-12-04 11:47:31,48.4685508052206,-1.93517507702819,-1.1214806042246,0,0,2,8,94,18,41,99,81,63
2019-12-04 15:41:21,48.2271672534883,-1.35541362844194,14.75981013,0,2,19,14,61,80,95,92,57,69
2019-12-05 21:06:23,48.5105428251021,-1.83261044501914,10.6046609057135,0,9,4,31,29,45,77,43,36,51
2019-12-29 20:05:25,48.8626320612908,-1.20872751539979,6.14512243035488,0,9,12,6,48,17,55,30,7,66
2019-12-16 07:51:21,48.0387002332316,-1.98804057016412,14.1617108188391,0,10,16,2,73,26,83,69,5,42
2019-12-04 21:35:36,48.703865277443,-1.96037462770956,-2.87796744419167,0,9,10,35,1,63,0,72,86,30
2019-12-27 09:47:23,48.7148486984497,-1.63942066842663,2.21078935927283,0,17,7,32,56,57,73,24,99,85
2019-12-29 21:50:50,48.5506869789915,-1.14362804086117,-4.89900703444099,0,2,24,37,52,70,12,19,50,66
2019-12-24 16:38:55,48.0264624487732,-1.29009885587268,-2.56334941208519,0,15,21,0,34,96,53,94,13,56
2019-12-17 01:18:17,48.2319179923422,-1.50712625845667,-2.14807171521153,0,10,22,16,8,24,27,92,8,24
2019-12-10 10:42:35,48.4988241714886,-1.17415332243506,3.56406603360738,0,3,1,46,9,69,40,36,98,54
2019-12-30 16:34:17,48.3657437955801,-1.59989594183857,13.1033521397521,0,12,25,44,24,12,36,70,8,45
2019-12-26 04:05:32,48.2736748420976,-1.19524146625551,-0.600867872406201,0,18,28,26,25,58,85,42,62,83
2019-12-15 22:53:17,48.5685848223831,-1.83015339161742,8.97445329696613,0,13,8,26,69,77,65,2,61,71
2019-12-27 04:09:30,48.7692380886382,-1.67229040929689,7.66483627337256,0,18,2,12,97,87,30,78,68,10
2019-12-29 06:06:15,48.1419597403807,-1.59824598748155,11.4787748560676,0,16,24,45,93,26,81,39,3,10
2019-12-27 22:31:01,48.3857677538813,-1.97275601046754,6.82385719559335,0,17,10,25,75,59,9,90,44,12
2019-12-04 06:28:09,48.441560853944,-1.82922614450996,1.70728425993923,0,18,22,28,20,97,76,9,55,68
2019-12-16 14:49:00,48.0638018553442,-1.69743250296332,-1.66036248656938,0,18,28,45,98,62,49,36,29,26
2019-12-08 10:42:50,48.5703622682813,-1.22768108743601,0.780992770465553,0,0,10,37,59,51,42,47,15,66
2019-12-29 19:00:57,48.1544238557827,-1.17224863691826,6.57914471606684,0,8,24,14,43,8,89,98,25,43
2019-12-29 16:00:22,48.1597044938988,-1.79797660596574,1.46651858019946,0,0,6,31,30,42,43,74,31,61
2019-12-19 06:10:42,48.426403382526,-1.93294766775004,1.5098013586876,0,8,6,36,72,25,82,63,46,38
2019-12-19 17:29:07,48.446019505824,-1.82256174125828,14.0049504190706,0,2,20,32,81,64,52,28,7,8
2019-12-29 11:51:47,48.7528760045547,-1.5141073518964,12.0535628046159,0,15,8,46,0,87,79,5,33,86
2019-12-07 00:04:18,48.4697577503835,-1.41842252268382,13.0875097513606,0,10,16,18,42,12,86,69,27,62
2019-12-20 16:16:54,48.8546953866513,-1.26612676925311,7.93342699340239,0,9,28,10,85,92,39,56,95,37
2019-12-30 05:33:47,48.0652640457569,-1.0889426325862,5.8806998636018,0,1,23,35,22,52,74,15,91,0
2019-12-19 01:55:57,48.2443839992603,-1.64457690233578,5.50375244603667,0,6,22,44,65,41,13,47,59,33
2019-12-19 21:13:44,48.7557432994972,-1.76795090165359,14.3297677996241,0,4,19,47,76,92,27,59,56,8
2019-12-15 20:22:00,48.7109710437762,-1.12280485551935,-3.19625998856326,0,5,16,28,38,66,81,19,5,48
2019-12-17 08:21:11,48.477834495007,-1.21324601499981,-2.27556781763005,0,10,27,25,86,73,56,22,59,20
2019-12-12 18:10:10,48.912944760133,-1.93215647802323,6.10846282965898,0,1,16,4,54,11,51,19,67,67
2019-12-02 13:44:19,48.8503719395261,-1.95644749373032,9.64316126547901,0,11,17,42,8,72,18,18,25,41
2019-12-24 13:12:01,48.0552418814298,-1.18070003445293,14.7518906219638,0,7,16,46,15,83,7,83,51,9
2019-12-17 14:20:54,48.5187541863503,-1.30808736351695,-4.17537712174252,0,6,28,13,89,46,35,72,72,60
2019-12-26 12:04:56,48.7255491654973,-1.32834664654375,8.24983851530116,0,7,20,8,85,13,23,28,1,9
2019-12-17 07:47:08,48.9037544708251,-1.71859600800955,-4.31624269313935,0,6,3,45,23,1,57,38,51,28
2019-12-15 18:58:44,48.5678479483201,-1.22404511143642,3.76000732265413,0,1,21,31,4,54,72,93,13,51
2019-12-09 17:38:00,48.2957690215184,-1.24455518519718,13.839022635873,0,16,23,36,62,74,30,5,96,26
2019-12-08 15:51:15,48.4135747837897,-1.5153733308033,12.691624715315,0,12,7,0,99,71,17,98,98,88
2019-12-10 20:50:33,48.3875905672962,-1.00821593171368,-4.69712875722774,0,13,29,43,26,63,89,37,56,35
2019-12-20 17:52:13,48.9274160167796,-1.22543086727403,9.90885919048863,0,6,1,3,93,34,80,30,6,6
2019-12-04 14:28:33,48.6121906999555,-1.61910080891992,9.36241441097223,0,15,12,31,22,56,1,62,2,27
2019-12-24 11:15:05,48.9165770355224,-1.09862165250751,13.921547044032,0,11,9,25,23,2,28,32,77,93
2019-12-09 04:02:21,48.7657664151703,-1.56433472389557,12.3678073176964,0,3,8,39,26,61,37,37,82,53
2019-12-30 17:26:48,48.2284007562457,-1.07555528500842,2.19636109480465,0,13,25,4,0,58,47,89,0,97
2019-12-01 04:02:33,48.6430800308674,-1.49100373801356,-0.379597459630853,0,18,14,12,93,51,76,22,83,86
2019-12-09 22:02:38,48.6427929641878,-1.80468360372106,10.6855781062905,0,9,11,42,51,82,70,87,22,89
2019-12-28 22:40:45,48.3869349366924,-1.39793542511665,-2.51427690475913,0,5,1,7,69,4,13,38,48,94
2019-12-10 02:41:32,48.1589391488391,-1.3553192528688,9.11626108415251,0,17,29,46,94,28,28,26,10,69
2019-12-14 16:02:18,48.8847284083649,-1.77948309424309,-1.5281651497484,0,6,11,13,58,79,27,14,29,39
2019-12-26 12:51:01,48.9208069918308,-1.87894873734515,-0.591433219887052,0,17,8,39,49,56,6,39,67,59
2019-12-22 07:28:14,48.4820829539011,-1.27622364520851,2.14651704912377,0,2,29,35,83,91,85,2,63,95
2019-12-19 07:00:44,48.8130316039608,-1.41008591531314,10.022530632104,0,17,14,34,65,54,5,62,59,19
2019-12-13 12:45:03,48.6273400791117,-1.43675114607287,14.5821063958956,0,0,23,36,96,42,29,73,54,61
2019-12-14 21:55:19,48.1435972504055,-1.72021427784125,-3.70666908505683,0,4,12,21,53,10,53,95,35,8
2019-12-28 11:37:11,48.6851570101851,-1.25435465772373,9.23081103862767,0,6,2,48,76,49,58,44,64,24
2019-12-29 14:29:39,48.4719665038735,-1.66540252774274,-1.13470144669279,0,6,11,23,70,95,28,74,1,73
2019-12-02 21:32:48,48.5410506639355,-1.5559161731768,8.03934309028059,0,1,9,5,12,29,97,96,47,84
2019-12-02 17:32:50,48.9133035079172,-1.38478718483112,0.803315303196812,0,16,12,45,21,3,6,68,62,18
2019-12-10 04:39:08,48.8036614837142,-1.72553154859949,1.40899104690598,0,6,8,8,66,26,36,69,48,13
2019-12-19 12:09:51,48.669491401254,-1.59545719604728,12.0814522193193,0,5,10,14,52,88,10,41,51,53
2019-12-27 15:15:51,48.8919903779831,-1.73726096830203,-0.0556205506695531,0,7,5,24,57,77,0,79,32,68
2019-12-05 14:22:15,48.6902510173108,-1.02021039091992,7.78281430889983,0,19,5,47,23,95,26,30,4,93
2019-12-03 09:09:56,48.8565445327463,-1.14690394799547,9.74998382886405,0,6,2,41,38,27,28,0,68,12
2019-12-28 13:36:27,48.7238048332389,-1.76477541949822,0.623994952823964,0,14,22,19,58,74,45,42,85,32
2019-12-18 02:15:52,48.8409503287826,-1.6459834015211,6.95832464190122,0,5,18,45,1,49,77,69,16,68
2019-12-20 19:35:05,48.1673921831732,-1.29451100681653,-0.358465385324538,0,17,4,18,54,79,32,72,55,94
2019-12-26 19:39:17,48.2465582863644,-1.17450617867266,2.09092062576251,0,15,7,8,65,72,52,17,64,74
2019-12-09 03:06:54,48.8104158187334,-1.74896575359114,2.22621541434257,0,0,4,10,81,82,19,30,13,99
2019-12-03 17:20:08,48.0669346349626,-1.02491859114958,9.81771809180161,0,3,2,40,67,70,72,74,16,14
2019-12-05 19:26:08,48.9254328105251,-1.96455924490679,2.82684549401833,0,4,1,32,66,52,81,96,25,6
2019-12-07 03:32:33,48.0143680465475,-1.66887401960272,5.11335043567854,0,9,4,49,85,23,29,20,22,74
2019-12-14 13:36:51,48.0490670050723,-1.57335331131395,-2.84684671920112,0,15,14,4,93,0,29,88,18,90
2019-12-29 06:29:14,48.0669172061919,-1.95052117293259,10.4321798316353,0,12,22,25,61,63,51,66,26,90
2019-12-28 12:10:22,48.3479957707915,-1.9506003902995,-3.14072040055912,0,8,0,15,78,17,7,37,16,22
2019-12-30 01:37:42,48.2741545561115,-1.02684321907668,4.30042099780423,0,12,18,13,0,42,9,10,1,37
2019-12-03 00:58:55,48.8135166409488,-1.5787429924024,9.43922156628185,0,2,15,2,93,84,90,46,46,94
2019-12-10 22:33:44,48.3012605431961,-1.25700380758243,1.3643265065571,0,19,10,39,13,94,6,69,21,11
2019-12-21 13:14:02,48.3441214614288,-1.42145405915633,1.16508752348138,0,12,19,3,4,9,45,24,55,19
2019-12-01 19:06:21,48.5871959033363,-1.28614633869666,13.9935575071692,0,4,7,17,27,72,75,52,1,3
2019-12-06 04:23:08,48.4460192837035,-1.71275994680485,9.03760635342337,0,16,4,1,9,82,48,88,67,15
2019-12-17 09:39:20,48.3058527327636,-1.70647459184121,10.3181132908529,0,18,6,26,2,80,45,96,51,91
2019-12-08 11:57:51,48.9479906507526,-1.77533984592899,0.451945169107963,0,17,25,43,46,75,54,5,75,54
2019-12-02 00:28:25,48.5530695992303,-1.38966821291934,14.285710293467,0,10,11,38,89,6,44,79,83,44
2019-12-08 03:02:20,48.4723311320284,-1.63555094117092,-3.72596588298956,0,7,6,48,85,21,0,54,17,95
2019-12-11 10:13:57,48.7146018500042,-1.91002560216469,14.4035908646898,0,14,6,15,30,90,99,14,34,22
2019-12-15 05:32:42,48.9803200927471,-1.59620549138459,13.6818693208889,0,18,18,43,9,77,93,7,26,36
2019-12-30 22:23:38,48.5180717667183,-1.10020918217497,8.94497844481141,0,17,5,47,48,11,90,50,94,10
2019-12-13 02:10:16,48.400262023043,-1.65351600323502,-0.46855343946654,0,18,26,48,24,48,83,89,75,50
2019-12-25 09:43:56,48.2011448206385,-1.32742898367691,2.98228635032768,0,8,3,8,96,88,80,11,31,56
2019-12-12 18:40:07,48.2868119847434,-1.78109218076854,9.00101074902388,0,0,22,22,28,99,34,21,81,14
2019-12-21 10:56:13,48.5493064082923,-1.28152300570231,-4.63273883547296,0,14,17,9,10,99,72,61,99,17
2019-12-07 11:57:23,48.8579541425491,-1.31818317450498,12.9725258108101,0,11,9,8,87,94,86,44,46,41
2019-12-15 05:11:19,48.5604544177467,-1.43552678191826,1.29054752378284,0,14,6,31,91,20,47,55,52,80
2019-12-27 02:49:02,48.0853111851426,-1.58665178045009,1.16054285930495,0,5,4,28,69,96,28,63,6,14
2019-12-13 02:20:34,48.7979867173349,-1.33587104656541,0.664849940997013,0,6,27,33,54,35,41,15,49,24
2019-12-05 00:15:10,48.9809273686171,-1.35331983787628,13.9557545496876,0,16,14,19,37,75,77,25,33,3
2019-12-22 17:09:38,48.8193297748544,-1.51188622857997,-4.66057445791577,0,2,4,41,99,41,86,17,42,73
2019-12-07 16:42:17,48.6248812506091,-1.46600557373185,0.793910934493836,0,3,24,23,52,39,85,61,48,34
2019-12-19 02:36:35,48.7995583320966,-1.33486015877447,2.95558800639379,0,12,24,30,82,0,2,86,90,6
2019-12-01 19:11:13,48.3817534960721,-1.32700765054999,1.6051516582282,0,4,20,4,11,11,10,12,88,93
2019-12-28 03:08:19,48.979473532168,-1.77852656728519,7.52064899100021,0,19,21,20,34,79,89,38,84,2
2019-12-15 00:21:46,48.6447871027723,-1.24997644836548,4.7065032095213,0,18,29,48,15,84,67,86,33,77
2019-12-02 01:02:46,48.577776058846,-1.72267065417146,9.31836526809184,0,14,8,42,44,88,79,36,94,25
2019-12-03 13:43:55,48.4630350207272,-1.26131232979769,0.492716739649287,0,0,1,3,97,41,0,57,54,81
2019-12-03 14:00:10,48.1835399443207,-1.87683375127466,5.26869936812143,0,6,27,4,70,46,35,10,16,77
2019-12-18 18:00:14,48.1919436455667,-1.78518275627176,12.0242030285412,0,4,24,6,15,43,57,55,44,43
2019-12-26 20:12:58,48.8011712333193,-1.03179429985201,2.51092201960782,0,17,12,38,24,29,62,76,96,29
2019-12-16 09:14:29,48.8411617762601,-1.20497026350581,13.2735280800953,0,15,19,36,93,68,59,1,81,40
2019-12-03 16:50:21,48.9819243876179,-1.94247843741555,12.8615094106,0,16,17,7,92,43,63,71,60,59
2019-12-10 07:02:04,48.2703827467143,-1.313303713367,11.5588509368519,0,12,28,28,20,81,55,88,54,40
2019-12-02 09:53:03,48.0887082796957,-1.49763167253585,11.5059063022518,0,17,12,10,9,77,65,77,75,68
2019-12-23 02:13:19,48.2132808827857,-1.97798434085119,13.1052577789432,0,15,5,10,55,88,40,97,62,52
2019-12-02 17:52:19,48.8235482907964,-1.26364201319574,4.42644896191845,0,15,3,42,66,92,20,57,90,24
2019-12-07 04:32:41,48.2868456767345,-1.79141606147933,8.20534490198146,0,13,4,11,62,99,23,90,81,33
2019-12-01 02:32:30,48.105734407951,-1.68285082824661,5.63245091104528,0,16,2,18,29,87,18,18,69,22
2019-12-04 22:04:15,48.4797014000265,-1.09804501761591,-0.329476963882091,0,6,22,28,22,11,63,3,75,52
2019-12-20 08:39:01,48.5573999758611,-1.22822272834751,13.7531229219181,0,1,6,29,21,3,4,27,47,46
2019-12-15 16:05:50,48.3789183587669,-1.49322766461094,-1.8207480864696,0,3,12,8,56,72,30,4,74,49
2019-12-27 19:57:28,48.6366411022081,-1.82253271519324,1.18572028455591,0,7,16,14,3,92,29,81,8,14
2019-12-16 02:36:44,48.6589376445203,-1.97744592138447,-4.51029551798026,0,19,15,49,59,63,76,61,0,30
2019-12-09 20:09:57,48.8719229492694,-1.8589847068577,-2.35930576797542,0,9,28,30,98,77,23,21,95,20
2019-12-01 01:09:50,48.0757871447484,-1.42063929532684,8.40440378496628,0,13,24,38,86,62,93,64,64,64
2019-12-03 11:51:22,48.2309861463639,-1.06692295152085,14.8153222877604,0,10,19,40,29,19,71,29,51,3
2019-12-02 00:26:43,48.7433606152159,-1.81373544168367,9.36537171358493,0,11,17,15,13,52,19,78,79,22
2019-12-02 20:34:51,48.6219205812653,-1.99604322621415,4.66751290795743,0,12,3,30,60,5,3,14,90,31
2019-12-17 19:11:37,48.8067702743256,-1.64963907825278,8.76717265684492,0,18,15,14,98,14,42,56,73,84
2019-12-22 15:41:03,48.1964630564658,-1.04498856423655,9.07506389267513,0,1,26,24,68,20,69,95,90,20
2019-12-20 15:19:42,48.9679712471403,-1.1570154769146,7.45585017253452,0,9,12,2,60,85,14,13,16,78
2019-12-11 00:38:35,48.9472276400529,-1.98061687032721,7.78529214988709,0,9,19,26,20,3,35,98,39,49
2019-12-02 14:19:14,48.0189884943045,-1.17960665523056,12.8319967625812,0,11,23,5,85,61,3,73,43,71
2019-12-28 02:14:49,48.1657832619575,-1.11750132083776,11.5635167917067,0,3,22,33,72,73,69,39,15,25
2019-12-10 05:08:45,48.8922955877577,-1.45296187859632,8.5902221131093,0,12,16,34,58,93,37,49,24,27
2019-12-07 17:57:18,48.9075172147283,-1.88322071679086,2.12286964809656,0,12,17,9,41,66,98,47,11,11
2019-12-15 05:12:15,48.8833279865251,-1.94673398507141,-3.21208244944554,0,4,4,43,4,54,26,82,43,81
2019-12-02 12:09:32,48.3751684987802,-1.63264167431399,0.917783230504851,0,18,11,6,78,95,55,71,76,44
2019-12-10 17:01:35,48.7190822878476,-1.29198876362852,-2.13278382091447,0,3,0,14,4,93,10,65,59,18
2019-12-26 05:46:10,48.4485825521166,-1.98062474931619,-3.91188548827166,0,11,1,49,51,29,53,54,78,94
2019-12-27 07:13:23,48.7981504522255,-1.92436888810451,-3.14582789602961,0,18,3,28,59,6,98,85,77,32
2019-12-27 10:36:02,48.8454111976761,-1.95728611012794,10.7509696510392,0,11,25,32,28,52,0,38,65,3
2019-12-18 17:54:13,48.0895340498954,-1.51653547422799,2.4521335719396,0,13,23,23,5,43,70,18,52,67
2019-12-22 19:17:20,48.2936486952443,-1.5191320043612,0.0715956688260639,0,12,6,37,74,13,52,38,81,78
2019-12-13 14:38:19,48.7260566408402,-1.59966149115919,6.84570349931982,0,16,25,49,33,74,46,58,78,94
2019-12-02 21:11:18,48.7017061988365,-1.96819069328168,9.9207200440209,0,6,11,37,25,9,17,95,89,72
2019-12-16 14:52:26,48.2303915197171,-1.77756534878982,3.00079463515468,0,18,18,43,73,46,42,33,93,74
2019-12-08 17:40:39,48.4969746714909,-1.88203428913003,9.24082029668653,0,10,20,2,43,41,5,73,6,16
2019-12-29 05:36:42,48.9693987052745,-1.49674776033347,-4.20677224090638,0,16,0,7,47,75,95,23,51,75
2019-12-24 14:29:09,48.171743996987,-1.4553534097296,3.31614045999764,0,13,7,38,78,0,13,96,41,96
2019-12-24 21:06:54,48.7162996748073,-1.45385509191726,6.67902358047619,0,16,6,15,38,32,74,45,28,7
2019-12-22 04:04:40,48.9825023785152,-1.74546267359772,2.47002692263109,0,19,24,27,98,82,51,57,59,71
2019-12-21 16:56:44,48.5907051426315,-1.05129654801045,2.45935753614612,0,13,20,17,24,59,88,41,54,59
2019-12-04 05:10:06,48.4636401978618,-1.31784271463651,1.56206534689388,0,3,25,28,38,2,21,31,83,79
2019-12-16 14:51:53,48.9458613842474,-1.53011617368558,1.38457714551342,0,1,0,0,58,46,51,85,69,39
2019-12-18 17:36:48,48.0758055756222,-1.88709789928379,14.2124618539645,0,11,17,37,6,49,35,28,89,10
2019-12-05 12:22:56,48.7132130543297,-1.14503273328069,14.9162714415771,0,7,18,22,20,75,2,5,25,14
2019-12-04 04:29:05,48.3810374319465,-1.73145810036522,13.0949616721342,0,4,28,29,24,4,39,66,20,93
2019-12-28 22:08:02,48.0140039422615,-1.85891046368466,5.31544913133394,0,5,0,37,98,93,2,28,94,23
2019-12-06 20:54:51,48.282864630354,-1.97635493845509,-1.84065632607818,0,7,25,15,21,16,6,46,39,99
2019-12-13 08:42:36,48.8231772653866,-1.80128664141581,7.31208684030552,0,2,21,48,73,3,4,25,24,41
2019-12-19 21:55:23,48.1162160551717,-1.29380010547759,5.82301632586076,0,11,26,47,80,82,16,29,25,97
2019-12-03 04:24:52,48.2453834657769,-1.11196758463605,6.18003447921017,0,16,6,49,38,50,42,32,66,50
2019-12-12 11:39:46,48.4512479926698,-1.23246408218167,-1.09056660118074,0,15,0,13,33,38,51,6,24,71
2019-12-15 12:07:21,48.0580446231449,-1.086960763711,6.30200765808206,0,16,19,37,59,57,55,63,43,68
2019-12-01 19:42:39,48.3623435447749,-1.05115078717989,7.99910393217537,0,7,2,47,2,83,37,30,7,38
2019-12-04 06:11:50,48.0361854317767,-1.74856870656301,8.76194921916441,0,17,18,27,68,61,82,44,4,34
2019-12-08 09:15:33,48.0392461009506,-1.30872959564846,9.75249419582658,0,4,16,2,58,72,66,86,16,27
2019-12-08 12:16:51,48.1105368901559,-1.47937338216201,0.410911540692165,0,18,7,36,13,69,3,63,55,46
2019-12-09 09:31:54,48.5895503827322,-1.4248805397306,14.9596365690043,0,19,8,38,9,69,12,39,40,20
2019-12-10 05:25:18,48.2669581995657,-1.17044677220771,13.8903037020426,0,0,9,34,99,82,3,34,31,57
2019-12-24 03:32:17,48.0531442719759,-1.52452928038525,7.44259629279496,0,12,6,17,16,4,99,21,18,29
2019-12-18 11:38:04,48.9200544743426,-1.41373445252596,10.2756372980194,0,15,2,41,41,14,68,13,85,68
2019-12-19 11:11:27,48.053048603727,-1.03709749553217,5.94681698640195,0,16,4,0,97,29,49,47,3,54
2019-12-13 01:40:20,48.7865424769868,-1.60129571594358,13.0187383326789,0,17,10,25,67,7,29,18,75,21
2019-12-04 15:03:49,48.8438722206484,-1.94404243256154,12.1207382688861,0,4,2,15,28,55,83,85,69,53
2019-12-15 09:01:30,48.9765574345256,-1.33985921476961,1.89972083964372,0,6,21,41,41,71,0,84,90,93
2019-12-05 11:32:48,48.1439858587198,-1.95206023843589,-0.876658921538228,0,8,14,11,72,72,65,54,25,46
2019-12-12 22:42:56,48.3328556410656,-1.72188183559192,12.561850560625,0,19,28,37,36,97,85,21,13,44
2019-12-07 09:25:12,48.5605728410001,-1.51244924381024,-3.30403977879511,0,9,17,22,55,20,79,58,69,3
2019-12-20 11:09:38,48.2645187155644,-1.26492522110461,12.7505838040964,0,8,12,40,24,97,52,50,30,55
2019-12-16 00:10:11,48.0845352737627,-1.50260446197475,-0.835313869563543,0,5,15,5,80,74,25,78,64,38
2019-12-02 01:37:20,48.6132026988143,-1.2136023813922,-1.41927318573896,0,5,8,6,52,62,29,96,15,49
2019-12-27 00:31:40,48.5968873843536,-1.69697673464984,-4.49434983380807,0,14,25,45,49,42,38,83,36,88
2019-12-01 13:17:36,48.886485532339,-1.62079999438524,6.1797345127816,0,5,18,7,51,5,55,94,77,23
2019-12-21 17:46:40,48.9427276430385,-1.63173256890463,7.10098629170143,0,9,17,13,46,27,70,90,20,68
2019-12-19 12:43:48,48.4206112960449,-1.29255332252595,3.43862016798864,0,8,1,6,20,26,81,60,75,53
2019-12-14 14:43:27,48.9838308459072,-1.64441655699369,8.23298459231527,0,13,22,4,62,13,2,95,63,44
2019-12-25 16:56:11,48.8005933159965,-1.54041356106308,-3.79955127313712,0,1,4,33,23,99,81,25,88,7
2019-12-22 17:01:10,48.2189771114937,-1.03079506057817,5.07490997671844,0,17,29,15,71,72,65,53,24,13
2019-12-18 05:17:28,48.2612918583962,-1.93485833608306,12.6316814867927,0,15,2,27,72,6,70,79,11,1
2019-12-03 09:55:58,48.5938962803194,-1.16999666726682,14.5096867492002,0,5,0,37,49,47,46,53,39,82
2019-12-22 14:06:51,48.4692440505462,-1.57500123771606,6.64785766585165,0,17,12,11,4,15,29,30,52,18
2019-12-05 15:06:20,48.0473508616199,-1.67966332178547,-3.75403235934397,0,3,11,14,29,45,31,6,23,49
2019-12-24 15:14:18,48.4746336715643,-1.21234465027803,9.33653015612463,0,3,0,10,67,3,53,75,58,70
2019-12-22 10:21:20,48.8499527116539,-1.87711399601638,13.5873324072861,0,4,2,1,38,44,43,79,85,82
2019-12-06 22:36:42,48.4353859459215,-1.81856748592973,7.26245814713764,0,11,14,26,77,32,32,89,25,64
2019-12-01 16:50:06,48.9577561067221,-1.01369366236669,11.227674451297,0,14,27,38,51,75,86,64,28,61
2019-12-21 06:29:39,48.2758941921759,-1.44998008592519,0.0608729971856219,0,10,16,10,81,46,10,49,22,10
2019-12-11 03:20:23,48.1908198074395,-1.28205344606287,-4.97728928969115,0,13,18,32,94,72,22,18,45,22
2019-12-07 12:43:45,48.0582412057827,-1.31344487020441,14.0452574240255,0,7,12,9,26,53,93,11,0,47
2019-12-19 00:31:13,48.4378584560183,-1.10263084112789,0.0835214918868251,0,18,1,49,89,81,43,57,28,60
2019-12-30 22:45:57,48.0990900169588,-1.5682765150295,2.41035723891592,0,2,5,49,60,18,99,50,17,66
2019-12-04 06:24:51,48.7272318008948,-1.57828856193381,0.457247045569703,0,7,24,20,47,64,26,57,85,50
2019-12-06 11:30:50,48.1253830572243,-1.93796133247109,2.70575556424714,0,18,12,30,47,70,55,89,16,64
2019-12-24 19:08:54,48.4361477906053,-1.21755042635722,5.96243614468837,0,8,19,33,49,63,77,55,57,67
2019-12-30 05:01:34,48.1688996288781,-1.79681572122351,13.7717182956504,0,7,12,10,72,33,35,60,55,85
2019-12-25 21:32:25,48.3830812714915,-1.26794000680928,-2.15430854221541,0,0,9,24,65,52,81,55,27,14
2019-12-15 02:50:43,48.5555085453929,-1.55751428779099,14.1633239747786,0,3,0,36,84,4,70,60,80,26
2019-12-27 05:04:04,48.0854492928299,-1.07431319592256,5.19700976982574,0,15,9,20,37,74,9,81,55,22
2019-12-11 19:45:56,48.7598879061453,-1.40882910341436,7.61743462580137,0,4,22,0,25,26,1,77,89,78
2019-12-16 02:52:44,48.4784675000601,-1.40726669943299,2.10238257707208,0,17,1,28,89,4,44,11,50,8
2019-12-03 10:17:54,48.3075832013542,-1.67671443879451,-1.89277581306769,0,6,27,38,72,27,94,2,31,9
2019-12-28 09:13:31,48.9387614954909,-1.81376440488443,-2.78416957928993,0,17,8,40,70,4,80,96,37,33
2019-12-14 11:25:14,48.6281367911157,-1.7176668013994,11.62754057377,0,8,23,20,16,68,22,75,25,43
2019-12-05 19:12:55,48.8338925809757,-1.88391700893823,-3.32156778747289,0,19,19,49,65,40,96,98,16,4
2019-12-30 20:19:28,48.4058570323539,-1.14647948143374,8.02276731376665,0,1,21,47,19,58,30,50,96,53
2019-12-18 19:12:10,48.1137053720251,-1.18332082041694,10.7521463147142,0,4,17,10,45,26,51,73,81,87
2019-12-22 04:27:02,48.4147815105574,-1.29757860316782,10.0614415491286,0,9,0,31,46,14,66,16,32,0
2019-12-20 06:05:53,48.5879529237691,-1.50330441747946,4.92988404814614,0,11,20,4,80,38,37,18,31,74
2019-12-26 01:01:41,48.2468034854377,-1.038289262931,9.31029753913651,0,6,12,40,24,44,10,56,72,26
2019-12-29 17:12:50,48.537502750539,-1.05662392594694,11.0766585977174,0,9,25,28,16,56,25,38,25,6
2019-12-12 11:44:10,48.7263665342361,-1.12308953521917,11.3547335971867,0,16,13,2,79,6,85,17,71,10
2019-12-14 06:08:39,48.1220185403349,-1.16493071250847,7.68064592251584,0,14,9,33,88,45,2,3,52,25
2019-12-12 20:06:27,48.9631043360397,-1.19416281822797,10.0968625615802,0,1,20,7,59,11,36,7,63,20
2019-12-07 07:13:09,48.5623913293529,-1.21526539056341,-1.65664470179782,0,16,19,22,72,56,15,66,87,57
2019-12-03 15:03:32,48.1128749573198,-1.8319719121009,-3.23059791476959,0,19,11,16,3,5,66,94,30,23
2019-12-15 05:38:25,48.8898498028935,-1.78905645841223,3.03519735999182,0,13,5,3,11,53,27,68,18,4
2019-12-16 07:42:22,48.0893356805152,-1.68121059689727,3.67629218691787,0,4,10,32,10,84,4,61,49,8
2019-12-21 19:44:01,48.3951507012337,-1.66127304204799,-0.505356068492567,0,19,22,13,72,14,52,25,18,96
2019-12-15 02:46:43,48.7478796372879,-1.44826695297298,14.2646500008482,0,13,5,5,37,67,57,68,57,86
2019-12-11 01:06:54,48.9098910083575,-1.900401672302,13.9616988594465,0,15,13,26,61,55,5,1,89,6
2019-12-02 04:22:55,48.1301683220687,-1.34413283706835,12.0495588463031,0,16,20,16,63,38,1,85,84,23
2019-12-09 05:37:58,48.7082204267887,-1.32755083885395,4.81935960977308,0,11,23,25,79,13,69,16,92,76
2019-12-04 18:12:51,48.472043563366,-1.88714759139677,12.2243623771818,0,4,4,32,76,83,57,39,0,29
2019-12-28 02:09:04,48.011375574866,-1.83580645864634,5.50103407097097,0,17,27,4,10,50,2,75,60,47
2019-12-19 02:45:15,48.413496874931,-1.86643976851666,10.9659879901288,0,6,4,31,85,1,63,14,44,37
2019-12-13 21:34:23,48.6891694244413,-1.91877672910633,5.26447722141839,0,16,23,26,68,80,33,89,79,2
2019-12-19 21:24:32,48.3908653568434,-1.71248917128541,-0.903856446456097,0,17,9,11,5,66,51,38,73,58
2019-12-05 07:34:28,48.7317693688589,-1.36838170810062,13.0439266986418,0,14,10,21,76,49,52,2,44,14
2019-12-30 22:50:26,48.931095777513,-1.43153690566846,4.0232196445685,0,18,4,10,88,30,33,92,40,21
2019-12-27 01:20:11,48.1329630790897,-1.10957973548657,4.56414083790227,0,9,28,29,59,14,46,13,9,22
2019-12-07 21:09:54,48.7341825439288,-1.84998824347276,5.46175506872207,0,12,18,11,25,93,65,65,3,26
2019-12-13 14:06:53,48.7998440162278,-1.4340311900871,7.74345232534383,0,4,25,8,99,94,89,41,43,68
2019-12-17 08:20:58,48.53893206899,-1.28909145914441,1.65656687442985,0,16,2,41,82,59,83,25,3,95
2019-12-22 00:31:46,48.9487806665473,-1.55282974827701,-0.682715233267618,0,4,6,17,70,2,26,10,49,34
2019-12-29 06:13:56,48.0265562022228,-1.99462801264349,2.39499063202878,0,12,11,23,95,54,83,56,37,46
2019-12-24 09:27:01,48.2575503416627,-1.25792555709273,-2.2060170756681,0,14,22,34,1,43,77,58,53,60
2019-12-26 17:05:49,48.3915931169836,-1.25507238519149,3.15815402062524,0,14,22,1,57,51,81,21,33,99
2019-12-14 08:52:33,48.382023315589,-1.31734135528903,4.51217718585961,0,4,0,38,62,1,32,63,80,22
2019-12-13 19:20:56,48.6302272177442,-1.27961520910245,-2.49930246570115,0,11,7,27,15,46,87,52,78,82
2019-12-16 03:16:52,48.9425454232574,-1.03650563351647,3.55999394392594,0,3,12,5,59,60,2,91,95,43
2019-12-12 03:33:56,48.2024963005458,-1.52184148902159,7.15344112373583,0,15,25,49,72,22,55,45,57,66
2019-12-29 00:18:33,48.434278235973,-1.84783796912424,14.5521127439812,0,19,17,17,43,33,61,32,99,18
2019-12-29 04:20:15,48.3921058868953,-1.57800180724729,2.36560677334927,0,11,10,14,48,36,86,99,65,45
2019-12-02 19:31:03,48.1703464673694,-1.49728730018124,5.38602059445624,0,4,13,19,71,74,67,4,13,91
2019-12-03 17:45:34,48.8613483453455,-1.73162008064409,12.0746155795989,0,12,20,27,14,10,67,28,54,25
2019-12-05 19:51:58,48.8231911341768,-1.04749149831361,6.73151608963102,0,16,25,36,35,30,6,93,56,85
2019-12-17 22:37:27,48.9971903362298,-1.09008557353638,-0.399005943629428,0,7,14,43,75,26,86,77,83,67
2019-12-23 15:40:08,48.6596995846646,-1.05959457301516,-1.15491357918592,0,14,21,34,70,19,19,40,8,75
2019-12-09 04:41:58,48.2933296245957,-1.01814161288465,14.091761535542,0,5,3,44,11,87,28,49,7,24
2019-12-08 14:42:23,48.3390608757451,-1.2002020586283,-1.43940441423999,0,9,20,4,40,51,95,69,47,9
2019-12-11 17:56:05,48.7537393475667,-1.15722842847799,6.82942148010685,0,13,9,41,51,65,49,31,42,31
2019-12-19 11:47:24,48.9801389793773,-1.97490803709948,4.60063825855061,0,11,0,49,91,46,65,63,98,80
2019-12-22 18:13:20,48.3699042151542,-1.13998226129449,6.75375661382161,0,12,7,8,46,81,96,54,6,42
2019-12-05 13:21:57,48.3211054463503,-1.65674132791196,13.0449743257114,0,17,9,31,60,80,30,46,76,65
2019-12-26 16:27:42,48.2754800372177,-1.1408531629205,5.09458845904776,0,2,16,28,64,10,45,24,43,32
2019-12-21 18:55:30,48.169766320926,-1.35934270050346,6.65772402130893,0,9,23,20,57,42,14,64,40,63
2019-12-30 18:48:48,48.9006480709187,-1.23844063060286,14.5049500565533,0,1,1,22,96,5,79,93,97,40
2019-12-29 15:18:50,48.0113088083506,-1.84999023091513,14.2175705792464,0,16,25,39,33,87,96,10,98,84
2019-12-27 12:39:02,48.4604566313608,-1.66214950320411,4.52119904315155,0,4,20,49,67,30,51,97,25,52
2019-12-18 03:45:44,48.5476744042466,-1.76155479148103,-2.9093076297591,0,13,28,6,52,39,2,26,55,11
2019-12-17 22:41:27,48.7455407375216,-1.15775061638921,-2.9735048296738,0,19,25,22,27,73,78,90,49,75
2019-12-08 05:13:21,48.9399163927603,-1.45097666627307,4.28189505416988,0,5,12,6,97,58,44,31,17,80
2019-12-13 08:06:04,48.1089200382628,-1.50044426717816,12.7878528874311,0,2,22,40,87,33,75,33,3,64
2019-12-15 13:21:49,48.1077475888225,-1.27773702483519,4.68295606490362,0,9,21,34,34,87,9,14,63,31
2019-12-04 17:41:40,48.1588258217828,-1.38525188825338,0.63800714613777,0,2,8,26,31,82,0,28,33,62
2019-12-17 02:01:09,48.1510921833809,-1.93464618731972,4.99997444031759,0,12,21,36,54,72,88,68,17,58
2019-12-19 22:27:49,48.1829637615862,-1.79814476510423,2.51848965069209,0,16,24,0,77,99,73,53,19,51
2019-12-23 09:09:15,48.2255952824958,-1.44689817142063,14.5866210849893,0,6,3,37,0,57,65,17,31,31
2019-12-29 04:40:55,48.4170640741554,-1.30506360917588,13.5487657513231,0,7,14,32,82,19,80,19,43,62
2019-12-24 14:12:46,48.5497686832909,-1.93998244122601,-4.80171796996226,0,11,6,43,55,56,74,21,13,98
2019-12-13 16:35:25,48.5770433296343,-1.54899406086141,13.811681675637,0,9,22,34,53,32,97,88,35,58
2019-12-22 16:40:44,48.4295836940546,-1.38560530654416,-2.74718480871394,0,11,2,22,19,6,2,78,19,0
2019-12-22 05:07:11,48.8911979267798,-1.48102420264903,1.22331653545765,0,17,25,27,27,69,2,85,22,16
2019-12-13 04:20:39,48.1899919291912,-1.71652983814316,4.4746913930749,0,3,20,17,85,44,60,50,32,31
2019-12-19 14:16:52,48.6024215452384,-1.47880453545545,-1.49880119203534,0,3,16,1,57,51,91,45,83,23
2019-12-16 12:01:51,48.4008235262711,-1.49411044572206,8.83209278659527,0,10,15,45,55,80,93,46,1,75
2019-12-14 19:06:58,48.1321057496276,-1.33947043648896,10.3435527860855,0,3,20,4,80,7,60,40,95,25
2019-12-14 05:48:20,48.5240279308167,-1.3589270237642,4.76838006860035,0,9,13,3,77,65,43,2,43,79
2019-12-23 11:43:20,48.9364897138143,-1.56413615847199,-2.51089071692475,0,10,15,37,31,23,3,76,58,90
2019-12-15 22:11:00,48.0798343629948,-1.40611821757914,1.15513609310386,0,11,29,8,49,94,49,48,4,47
2019-12-21 04:31:57,48.037802233844,-1.3223900437925,10.5369793533054,0,13,13,26,29,76,31,72,57,22
2019-12-07 05:06:56,48.6143384965203,-1.6658946409197,0.370183664080772,0,10,21,5,23,29,46,20,43,73
2019-12-04 00:49:46,48.969312991467,-1.55770690671993,12.7311000710964,0,15,27,41,25,42,8,58,13,95
2019-12-15 14:24:23,48.0702385371878,-1.67169205410019,0.99909056536811,0,2,8,42,8,18,42,32,41,88
2019-12-14 02:27:31,48.9643864040097,-1.10609943471202,12.8085355892817,0,17,2,24,26,51,62,43,98,46
2019-12-01 18:08:51,48.5288780604158,-1.94419286397481,9.07031993338387,0,15,4,12,48,34,15,88,65,83
2019-12-13 01:28:28,48.4163188964204,-1.20319401202872,6.57306403600288,0,19,9,47,86,64,97,58,10,20
2019-12-15 13:09:46,48.439647902008,-1.17625152979803,14.917470564096,0,14,23,7,4,95,34,66,8,1
2019-12-15 16:27:09,48.0156794427967,-1.78918459629136,2.84397727662883,0,11,23,22,36,83,89,69,67,35
2019-12-21 04:47:39,48.8221798924832,-1.8232478396144,13.9038170990086,0,6,15,4,70,77,12,99,27,79
2019-12-01 11:25:08,48.7914826524404,-1.66509302689931,10.2093110718808,0,13,29,36,31,29,89,80,94,68
2019-12-25 05:17:28,48.0535185695875,-1.3060014240006,9.58656792789072,0,17,12,44,34,18,76,64,11,41
2019-12-26 19:22:41,48.6471123148907,-1.22669370948649,10.4144654005833,0,6,1,29,97,74,20,95,60,49
2019-12-22 06:35:12,48.1617403385051,-1.900234653568,2.13492500602031,0,4,20,26,82,94,87,59,64,89
2019-12-22 06:54:19,48.3958833121675,-1.17059149694191,13.598042314685,0,16,1,31,69,59,27,17,20,68
2019-12-13 05:23:37,48.6344041110177,-1.48107516601732,10.0360002042893,0,12,9,35,77,42,33,27,50,10
2019-12-10 09:11:46,48.7092640719885,-1.93453971619464,11.2241421394163,0,13,11,48,48,49,90,29,43,7
2019-12-23 07:03:51,48.3642973608171,-1.66932531384254,11.2669634475685,0,19,20,5,36,0,3,60,47,17
2019-12-13 12:40:31,48.1760200719237,-1.64911192359827,-0.725378286431254,0,0,25,21,33,97,34,32,6,79
2019-12-07 20:12:33,48.6736774908722,-1.70734497658319,6.47743116527676,0,5,24,12,64,20,64,52,50,54
2019-12-05 03:06:33,48.2143561831742,-1.75592150062133,10.3913305254613,0,14,16,33,97,55,34,11,57,69
2019-12-05 21:44:44,48.2308496098178,-1.41598685710504,10.1350252689491,0,16,24,25,64,5,76,64,82,74
2019-12-16 17:30:11,48.7505785500401,-1.85548904810822,0.0865499428876443,0,10,28,40,39,22,39,35,76,50
2019-12-30 13:26:37,48.8452089693608,-1.9668986298921,-4.07578259523762,0,14,8,41,17,36,39,56,93,6
2019-12-15 01:17:41,48.8038755696285,-1.99839087668731,-2.58178909662263,0,8,26,15,76,93,32,89,13,96
2019-12-26 16:06:20,48.1442049272099,-1.8833609567412,7.02639956447594,0,16,12,34,2,90,27,75,34,25
2019-12-30 20:54:36,48.3727993058845,-1.02309033834519,-3.76243784081304,0,10,12,48,20,76,96,94,40,13
2019-12-18 17:21:05,48.8243107548097,-1.82038832028415,0.850717839715405,0,11,16,44,99,96,79,50,8,92
2019-12-10 05:02:23,48.327241351049,-1.55008299767509,4.26078050176649,0,6,10,10,68,20,53,82,2,44
2019-12-12 14:40:12,48.4757365116271,-1.46355881470421,14.241061173026,0,9,25,23,82,31,70,95,10,25
2019-12-13 12:40:01,48.3451629659837,-1.66658889673026,-1.21207889319029,0,19,14,32,54,66,56,83,83,50
2019-12-11 20:28:14,48.4811026409646,-1.11834920110104,2.37600787653402,0,11,21,38,3,83,96,66,30,22
2019-12-08 14:19:10,48.9913344262127,-1.7854655616849,13.1551425806969,0,17,3,30,89,53,6,43,73,42
2019-12-27 07:55:48,48.8636849992274,-1.28758006696011,7.71317620981167,0,18,15,30,24,73,53,29,44,30
2019-12-15 05:56:13,48.6226891817631,-1.88978603477114,12.4942586359076,0,10,27,44,34,92,68,51,89,94
2019-12-22 06:35:12,48.8323137954959,-1.47903273975432,2.15400537157152,0,15,29,21,92,63,37,71,18,66
2019-12-13 03:49:07,48.1735320110682,-1.36088168032508,0.316621714884705,0,0,11,25,57,22,64,74,78,80
2019-12-09 21:44:42,48.9974055341433,-1.50411806511884,14.7057130647384,0,19,9,11,52,57,43,47,26,27
2019-12-26 16:15:02,48.9799755941983,-1.51742790104702,12.7061726104963,0,12,27,19,39,49,40,12,62,94
2019-12-19 11:40:33,48.0917644696737,-1.83262616900384,14.9927267762798,0,3,14,25,95,55,66,70,62,51
2019-12-19 01:37:14,48.922088559215,-1.05330354490006,11.0223234403051,0,6,25,16,64,36,3,69,27,0
2019-12-09 04:29:51,48.8178847212428,-1.5713590064884,3.84261351956176,0,13,14,5,32,56,84,43,84,84
2019-12-02 17:19:56,48.4803337792309,-1.84298405323317,12.5873377572686,0,19,12,30,22,41,56,77,33,89
2019-12-24 13:30:58,48.486138174071,-1.25943812926274,14.0839134948719,0,11,25,21,94,54,87,54,5,43
2019-12-15 22:33:49,48.8641095682346,-1.11888085497491,12.9068347676223,0,1,3,47,7,45,22,34,77,32
2019-12-21 13:09:45,48.9301972128126,-1.00733556691899,8.6742401433523,0,0,21,44,40,77,3,66,67,32
2019-12-07 21:50:05,48.4375818001281,-1.08741247751164,2.49163613025641,0,10,23,36,76,92,83,80,77,38
2019-12-23 06:12:12,48.9851114144479,-1.79488862436027,5.29617182551705,0,11,20,22,10,73,72,6,69,63
2019-12-14 04:37:10,48.0120643787142,-1.00712726870884,-2.52227785090091,0,4,26,14,57,95,72,63,72,9
2019-12-03 06:21:04,48.7644993247299,-1.67326344208478,7.02660190129029,0,15,3,6,94,54,64,2,86,35
2019-12-23 08:04:03,48.1922298125887,-1.61418231931244,12.1553606778175,0,1,10,29,55,15,83,56,11,58
2019-12-05 21:22:06,48.1717321398536,-1.24238044779859,1.02988345736167,0,13,23,18,35,71,21,30,71,87
2019-12-04 10:26:27,48.1121471641176,-1.48615518654052,6.7943343300346,0,1,27,13,20,82,99,96,78,18
2019-12-03 20:02:49,48.3229554092153,-1.03577192688164,-0.153863634985808,0,10,25,11,48,67,46,90,9,16
2019-12-23 13:10:31,48.224896744464,-1.49564212397469,-1.46425101694849,0,4,15,26,80,20,42,61,61,68
2019-12-25 10:16:43,48.1890711058812,-1.31951654810436,10.5250029999414,0,1,26,30,44,46,72,50,52,62
2019-12-17 18:46:41,48.6958145111314,-1.67843919698076,3.28329267598842,0,16,8,20,36,27,33,43,68,12
2019-12-30 02:42:38,48.6312899951037,-1.09275398407725,-3.6608707716972,0,18,2,49,14,0,67,56,60,15
2019-12-06 20:14:29,48.511039710376,-1.54034054257923,0.161828609724449,0,5,24,19,63,44,8,13,52,49
2019-12-10 02:13:05,48.3358261279463,-1.70009510298264,0.362234818917809,0,15,24,26,93,7,84,20,37,66
2019-12-26 21:38:54,48.1829109546649,-1.30571734593516,2.69720893618521,0,10,1,5,83,9,67,15,69,93
2019-12-23 11:11:52,48.3694818287014,-1.71037243200018,4.55192408596721,0,17,22,42,65,40,43,31,88,62
2019-12-08 01:55:33,48.0688004163414,-1.27655911970723,8.84632581558373,0,13,15,21,91,34,72,76,36,83
2019-12-22 18:13:47,48.0328125409003,-1.81636720747518,3.43284316055143,0,7,8,3,69,69,55,62,44,48
2019-12-20 16:35:36,48.9087483575143,-1.67447694794949,13.312939262629,0,13,28,2,90,43,82,12,47,41
2019-12-09 12:16:15,48.0372717450546,-1.55463261043403,9.21512783189077,0,2,9,43,18,99,20,62,66,19
2019-12-20 10:13:08,48.978122806632,-1.77324069699889,-1.74100324220071,0,8,4,1,19,11,45,33,41,11
2019-12-15 21:34:43,48.5756210640891,-1.93473253535793,12.9124099504726,0,3,14,13,75,84,30,13,50,21
2019-12-19 04:16:28,48.3688006440032,-1.70051002721326,8.07645879503175,0,17,6,27,69,74,86,50,61,17
2019-12-19 08:21:14,48.6719489370808,-1.12937723059644,0.342065348449194,0,6,24,10,49,30,64,10,38,15
2019-12-19 01:22:46,48.3511769689392,-1.08002163659782,6.00613877782884,0,15,15,16,58,25,82,2,45,67
2019-12-13 01:01:20,48.2096090159424,-1.99824395729147,-3.61279600468129,0,15,3,23,55,57,97,58,87,68
2019-12-21 00:16:15,48.0100606489042,-1.50622935849532,7.23861568106274,0,12,19,35,73,53,2,3,51,17
2019-12-09 22:51:11,48.2263485683251,-1.94152585879971,10.0143448119119,0,4,4,38,99,37,79,75,98,25
2019-12-13 12:22:48,48.4907751644453,-1.60522119542827,9.01732819202232,0,18,1,34,38,68,16,9,36,12
2019-12-10 17:42:35,48.2510426529921,-1.12101277062717,9.35887618472747,0,5,1,13,76,74,60,5,29,41
2019-12-04 06:19:44,48.3365259688983,-1.54103195366498,2.30737270429142,0,14,11,43,93,67,83,78,85,64
2019-12-02 05:39:21,48.2807162419337,-1.19468609485528,13.6404300903158,0,2,23,47,1,3,40,96,13,62
2019-12-03 22:28:24,48.0378443403346,-1.81598881716653,1.08833699677528,0,16,5,32,37,88,62,96,48,18
2019-12-14 08:30:44,48.096755955879,-1.5587840217905,11.9024440906488,0,17,19,11,56,3,74,25,22,23
2019-12-13 16:28:50,48.2590483125574,-1.85659893316058,6.12899962492706,0,8,14,47,18,71,47,73,18,5
2019-12-04 09:19:25,48.0236589457019,-1.03452670622362,-3.66240963230953,0,7,22,12,77,72,88,67,1,96
2019-12-06 17:51:42,48.8192686935977,-1.29922538218052,-4.14381442644811,0,0,1,8,11,97,37,5,2,71
2019-12-03 21:03:14,48.0408712299731,-1.7670323000136,-1.54062349933229,0,16,21,11,87,35,56,61,93,0
2019-12-19 10:54:13,48.1365377517122,-1.42616384403136,-2.19799331864249,0,16,19,14,88,23,70,62,73,45
2019-12-04 03:31:34,48.7594291054455,-1.15835044074727,0.751940352261039,0,15,3,1,9,61,3,83,46,85
2019-12-23 02:05:21,48.9906012467065,-1.56689476806991,1.63974335819471,0,18,26,23,88,45,94,32,19,1
2019-12-26 10:16:22,48.5835123334935,-1.37430035805996,-0.737168189481445,0,17,4,43,71,98,6,16,47,4
2019-12-19 19:29:38,48.4672686152473,-1.35573028277407,-2.3688574584056,0,14,19,22,99,27,85,71,97,52
2019-12-09 12:13:04,48.782576148297,-1.99446629080664,10.8983429530162,0,15,25,7,41,1,96,61,28,92
2019-12-22 01:29:33,48.4893012617199,-1.2892057189202,12.4442044093479,0,7,5,47,76,6,61,42,21,31
2019-12-21 20:52:13,48.8962173722201,-1.50904425722968,-4.02671023273222,0,4,12,2,82,21,3,65,49,95
2019-12-17 01:06:18,48.036211599147,-1.09582579186923,2.34369091379628,0,10,12,48,23,83,18,25,33,68
2019-12-19 16:39:53,48.898995723994,-1.86565957677814,-2.45287489260215,0,19,27,13,76,61,75,56,47,20
2019-12-10 21:05:40,48.7673401989822,-1.53730562121482,11.9898562957485,0,15,9,40,32,82,39,20,18,86
2019-12-04 10:46:49,48.4440660641734,-1.86199159634392,-0.377183254983827,0,12,23,6,38,67,63,98,34,36
2019-12-02 10:19:07,48.249362319824,-1.87321166269165,13.9407907114088,0,11,11,30,9,83,17,25,37,12
2019-12-05 16:15:11,48.4086904201697,-1.80784351416297,3.64142964297972,0,8,25,40,80,64,13,64,32,6
2019-12-25 11:11:15,48.5270011720839,-1.82306056740836,-4.44877746722138,0,7,18,10,21,36,20,13,22,10
2019-12-08 10:42:17,48.8054175725232,-1.43484245167805,11.4444084090387,0,10,27,15,31,66,50,99,78,38
2019-12-06 18:09:50,48.8052007676126,-1.36229781683641,7.43864165732574,0,0,12,10,80,36,77,89,50,59
2019-12-25 15:21:34,48.9875590973476,-1.71446176698173,12.5437135610467,0,4,10,41,94,43,29,85,16,95
2019-12-30 01:56:21,48.6983455338973,-1.2877364066838,5.95901701038658,0,12,14,9,55,49,44,56,1,14
2019-12-11 12:43:03,48.2294308134492,-1.41137351720192,0.372835340151952,0,18,21,27,60,77,71,99,59,15
2019-12-27 16:45:55,48.2572682761854,-1.83865204352823,0.447965311095102,0,14,25,1,59,46,31,90,79,77
2019-12-02 11:25:07,48.9789222497395,-1.07484297318144,6.7774843549251,0,8,29,42,25,61,74,79,41,32
2019-12-15 11:17:48,48.3440558758304,-1.29092091754587,14.1425630120293,0,16,6,40,10,38,30,64,5,66
2019-12-12 18:34:30,48.539267057804,-1.01647996204741,10.9773344290337,0,10,14,23,27,55,20,60,74,54
2019-12-28 03:56:26,48.9721203977112,-1.84567570865419,10.8640831759498,0,2,22,37,93,69,91,79,16,84
2019-12-18 02:55:58,48.9316352982687,-1.26238201337977,5.55037452119886,0,13,26,25,76,22,84,13,18,69
2019-12-09 13:13:53,48.6110829299367,-1.25367583066862,5.57920656333641,0,8,13,45,95,80,22,97,1,39
2019-12-20 11:35:11,48.6205202236867,-1.76334304863743,14.7140743074539,0,15,18,23,54,99,86,3,32,81
2019-12-05 13:11:57,48.771927914476,-1.00489951204737,6.95631699494846,0,17,3,39,3,79,99,2,22,4
2019-12-13 12:45:48,48.8673333096632,-1.02015124308884,2.96243466202283,0,3,19,9,23,8,30,64,29,90
2019-12-12 04:40:01,48.9857162516498,-1.18899834583932,3.74985254032065,0,16,24,14,41,61,80,38,23,4
2019-12-29 06:37:34,48.8037745304423,-1.06945668210716,6.95387977592362,0,6,22,15,67,19,85,74,10,74
2019-12-07 22:32:35,48.1132803089513,-1.62979335367204,10.6263785937924,0,18,12,12,94,10,57,9,1,91
2019-12-24 16:14:27,48.6527227548197,-1.51127185184102,7.21499826675979,0,1,8,24,82,97,71,3,63,89
2019-12-13 19:08:54,48.5770634825235,-1.51995534148065,2.57028309841188,0,15,21,9,96,49,74,8,35,30
2019-12-01 20:44:33,48.2192770634868,-1.09205125369693,3.97047716657188,0,10,13,5,49,93,57,32,79,67
2019-12-22 14:06:02,48.9847916299406,-1.91315685627663,5.32660620767931,0,12,20,16,88,51,8,57,5,45
2019-12-29 00:02:23,48.0867096679689,-1.39039033297002,8.0367876379922,0,8,8,33,60,39,78,71,97,88
2019-12-27 12:22:06,48.749962883885,-1.86036286636273,-0.0220005572875964,0,19,7,17,74,67,56,70,85,50
2019-12-21 16:23:28,48.8141940556533,-1.99719928670544,9.48597202705498,0,7,18,8,56,37,65,94,66,43
2019-12-07 03:22:42,48.9311237996123,-1.06446638007856,13.9284663321117,0,1,25,23,21,15,16,89,70,92
2019-12-12 19:24:44,48.4781607079684,-1.90141679807632,10.3620216801586,0,12,1,20,27,51,35,67,30,47
2019-12-20 09:04:46,48.6590774425581,-1.87465100822721,14.4101559372666,0,15,7,37,3,37,74,62,47,71
2019-12-17 01:09:33,48.2010891801683,-1.56088771743741,-0.299685378232824,0,9,17,11,26,98,78,62,9,58
2019-12-30 06:08:21,48.2507412318377,-1.69645429109058,2.90481002764069,0,14,6,29,93,61,25,49,88,45
2019-12-19 01:54:15,48.7333117820012,-1.98850959306048,4.05545491727789,0,2,16,44,74,27,91,78,42,66
2019-12-25 16:03:17,48.079285594206,-1.0010909116832,0.649626472336066,0,5,22,31,95,89,34,88,76,41
2019-12-03 08:48:19,48.639644182585,-1.68123683178855,11.660065819351,0,9,1,10,64,89,1,63,31,52
2019-12-14 04:42:48,48.2881426519193,-1.09759950595796,13.8472780188766,0,0,0,0,58,44,90,73,97,29
2019-12-27 22:08:37,48.2544748984531,-1.47285048732201,14.0569851179873,0,14,16,12,95,89,65,99,99,3
2019-12-08 06:22:58,48.6759778650831,-1.95079961649645,7.19359822952822,0,5,19,0,63,49,2,7,88,7
2019-12-02 19:53:51,48.2192324824721,-1.21626774976788,-3.30962344599405,0,18,22,46,3,59,57,15,90,27
2019-12-25 04:52:47,48.5989284909325,-1.45336554639664,7.46051512307511,0,11,3,45,97,41,38,51,3,51
2019-12-07 15:58:55,48.0886065834614,-1.28016368266203,14.0438958178479,0,17,4,30,26,88,95,11,81,36
2019-12-05 20:10:35,48.2042141087373,-1.18132659615079,14.6218563307178,0,1,3,19,5,14,19,95,39,97
2019-12-02 07:33:32,48.9991175085302,-1.49473599646927,8.09135208655677,0,5,21,33,34,30,47,38,12,20
2019-12-09 16:44:21,48.8686526831559,-1.23374191682494,6.11901423061221,0,19,21,42,31,83,34,62,6,81
2019-12-24 06:09:51,48.9480036636572,-1.54925248564652,-3.24964059202449,0,16,24,9,67,32,57,19,72,66
2019-12-08 15:56:31,48.4604970917387,-1.13917424722536,2.51347708772564,0,17,9,15,41,0,55,88,20,88
2019-12-16 06:42:47,48.8897276962594,-1.46985686499153,-1.00959118968322,0,3,26,19,57,13,33,63,47,70
2019-12-13 11:05:31,48.8115693055147,-1.47048626070399,10.671117172889,0,13,29,42,15,94,94,14,8,50
2019-12-09 00:41:21,48.8046127906091,-1.07465074913327,9.28279275180902,0,18,12,24,47,2,20,17,0,63
2019-12-13 14:44:29,48.558738527614,-1.95393402918891,-0.367931613404272,0,3,16,48,40,38,79,73,28,99
2019-12-26 12:47:29,48.8421956863451,-1.4997101614716,2.13057599735007,0,15,4,22,9,65,26,20,13,70
2019-12-20 21:40:05,48.4801561736875,-1.55442155690604,-3.90941311601056,0,9,26,0,79,85,83,26,49,38
2019-12-09 14:39:06,48.4231035995405,-1.88506643049655,12.7526402379166,0,11,17,28,33,93,87,70,40,52
2019-12-15 19:24:16,48.2642269671262,-1.87627942295572,8.24430116556785,0,19,21,37,42,0,24,56,20,66
2019-12-13 05:34:19,48.6326565726812,-1.68835334279032,8.85988979035052,0,2,25,48,90,43,24,39,20,63
2019-12-17 21:27:36,48.1292965971536,-1.15634757427329,-1.66571897299295,0,6,15,36,9,22,25,7,31,27
2019-12-12 13:26:46,48.6878166285752,-1.25613155088207,11.9921046574563,0,16,10,28,12,50,78,95,40,83
2019-12-23 00:09:20,48.6727390776727,-1.87532073626077,12.6801743468643,0,3,2,46,24,97,48,67,35,24
2019-12-30 03:58:09,48.8486496442224,-1.06435241366939,7.58248978647519,0,5,20,24,51,35,40,9,62,59
2019-12-02 00:51:09,48.5921604719908,-1.5801337066014,1.14513531008043,0,2,18,7,84,61,3,0,77,32
2019-12-22 15:30:17,48.8784763998717,-1.39885997837356,3.88551682135347,0,7,1,38,18,97,27,83,34,98
2019-12-03 12:35:27,48.3258633349677,-1.49214361956909,7.90381622170276,0,8,9,15,86,37,50,56,92,93
2019-12-03 03:00:26,48.645755242857,-1.16389078514832,14.866532890064,0,4,19,39,23,18,8,4,74,91
2019-12-06 22:56:30,48.1638250463474,-1.25074723328033,12.8145469519377,0,14,27,20,89,93,52,16,89,90
2019-12-08 19:31:45,48.1202606340499,-1.46670476415507,-3.32041313560699,0,9,24,0,75,9,19,48,87,41
2019-12-18 07:55:09,48.6427139274975,-1.7517791836298,13.2985238201444,0,18,4,41,65,32,46,18,95,44
2019-12-13 12:40:12,48.0188255361369,-1.10629642480346,8.79670165795679,0,0,8,24,31,94,92,37,38,91
2019-12-25 11:37:45,48.3749928103643,-1.00362133840268,2.43066615817634,0,0,16,21,99,6,63,72,63,37
2019-12-24 09:35:06,48.6223283673741,-1.32894912889644,5.70511403247021,0,1,24,1,61,91,89,90,19,15
2019-12-22 20:31:13,48.7317445649448,-1.14559434826746,4.25147597782848,0,3,22,0,14,41,90,52,21,39
2019-12-23 14:28:38,48.5447981467213,-1.50255060498721,11.08768808287,0,14,15,24,65,89,86,37,94,82
2019-12-04 17:11:15,48.2030232070028,-1.19879284743163,12.1993615730663,0,7,20,40,39,8,39,87,19,61
2019-12-17 00:02:23,48.5831447996121,-1.74220755544594,2.25731918646829,0,10,17,19,27,98,44,22,26,82
2019-12-06 09:35:36,48.8132797716247,-1.28117770947571,-3.42623483828559,0,19,5,16,29,11,73,79,18,81
2019-12-16 02:26:37,48.4653552567891,-1.6833675735087,5.41586609902599,0,3,18,18,42,14,39,42,31,26
2019-12-17 22:10:45,48.5607733580101,-1.73601247451082,-3.83628169206729,0,13,1,22,29,10,94,97,96,62
2019-12-02 16:11:39,48.3262455744325,-1.19319557826649,12.1533820960454,0,6,14,46,25,56,91,67,87,8
2019-12-04 11:13:21,48.9837925676181,-1.83159210199099,-3.68458877861713,0,8,13,34,22,83,76,50,84,43
2019-12-06 12:21:55,48.9419951848416,-1.88852585381294,-1.26688438386977,0,5,3,44,51,52,48,83,50,95
2019-12-06 04:43:34,48.2899681782769,-1.21013452494989,8.42103514001753,0,8,24,21,89,55,14,29,91,22
2019-12-25 00:57:19,48.9249044493422,-1.42854910969201,-1.29512773793895,0,18,0,44,24,98,81,78,97,15
2019-12-03 08:24:45,48.7840146519169,-1.33625012698409,14.9627129020927,0,3,27,14,14,17,22,39,46,3
2019-12-30 06:36:58,48.8648643688601,-1.05807108201928,-1.08886196980666,0,7,9,37,13,42,61,20,40,33
2019-12-15 15:34:12,48.1659779651863,-1.27851599886944,9.07083804815581,0,8,9,47,19,79,76,41,70,6
2019-12-12 11:27:04,48.0019149528825,-1.83694452831379,-2.28266838299235,0,0,29,6,54,30,69,40,66,90
2019-12-26 15:11:07,48.3187980974646,-1.62220368051073,6.34194983045661,0,3,15,16,95,98,19,51,98,33
2019-12-10 19:34:01,48.7410621846752,-1.80042477687841,2.88436518464441,0,7,22,40,22,69,30,34,92,90
2019-12-29 11:35:47,48.3677353925853,-1.34156896515822,-1.44091534541962,0,3,12,16,60,99,10,16,61,40
2019-12-27 19:57:39,48.2872261685725,-1.29804400927296,-2.73880133020636,0,16,17,3,37,81,25,77,96,14
2019-12-07 17:02:49,48.9187357895629,-1.57347915767388,-1.76963301318215,0,2,21,25,1,10,50,92,55,77
2019-12-28 18:32:53,48.2662752053078,-1.66093856872103,14.7897988542867,0,6,5,23,18,13,81,14,90,32
2019-12-11 00:29:52,48.5456811038524,-1.91472552759327,-3.7237283264863,0,6,6,9,21,40,22,13,96,50
2019-12-11 14:28:24,48.2626717333974,-1.74618749448386,1.87757989618815,0,7,0,11,43,92,31,65,23,32
2019-12-05 11:16:39,48.4057632886831,-1.99664558889188,0.776321736525894,0,13,5,20,98,72,53,9,39,40
2019-12-19 19:44:11,48.9419477251088,-1.01783554582756,10.2913047356025,0,11,27,31,35,83,33,80,92,8
2019-12-05 21:58:32,48.619120656801,-1.39299104287894,-0.284342918677415,0,4,8,41,72,27,73,8,68,54
2019-12-03 03:14:57,48.3511158825602,-1.45370326538277,-4.85153854026065,0,14,5,15,25,66,87,20,22,36
2019-12-23 16:43:02,48.8770913089985,-1.91947913678339,13.0847811112575,0,5,3,19,99,1,68,2,87,61
2019-12-26 14:32:05,48.653717855296,-1.03645858123734,6.06219521028092,0,10,25,16,78,37,39,21,6,80
2019-12-02 15:37:56,48.1288034194749,-1.21337036239606,1.2417024431013,0,17,10,30,51,12,15,63,70,25
2019-12-25 07:30:49,48.5699133382039,-1.21134743476815,6.61948468704684,0,9,28,3,55,16,99,59,4,20
2019-12-02 06:38:19,48.5432881803919,-1.75136943243042,11.6601624026243,0,15,15,40,97,72,17,79,27,47
2019-12-23 19:11:40,48.4957187280505,-1.73103887528695,-3.6565755729827,0,11,17,25,21,56,67,18,75,14
2019-12-12 03:57:55,48.8641977393367,-1.85520366432853,-3.16655776797168,0,4,9,28,46,20,7,97,70,59
2019-12-20 21:11:27,48.672407756407,-1.99854507204077,6.41368754273918,0,19,1,6,10,58,85,24,29,75
2019-12-16 17:10:13,48.9175613992464,-1.98214120230737,-4.98530584992157,0,13,14,8,49,44,95,50,40,71
2019-12-21 22:32:39,48.0053298287118,-1.81316565666961,4.88279328117277,0,16,20,47,6,89,74,97,12,61
2019-12-14 03:57:34,48.3527622219886,-1.13203438424134,7.65258144152005,0,6,25,28,5,55,20,50,43,34
2019-12-23 01:32:08,48.6603859666085,-1.46976039487392,-3.39869546070634,0,19,11,39,28,55,0,96,75,42
2019-12-15 07:32:48,48.0023596636031,-1.89473282540903,12.5187814605975,0,4,16,38,87,38,60,81,91,26
2019-12-11 22:45:01,48.657082085338,-1.93863013057906,0.507917271232194,0,4,22,0,84,43,49,72,90,66
2019-12-21 20:37:34,48.4536357421678,-1.38868130901301,13.8982597691465,0,3,1,24,9,51,53,51,86,59
2019-12-02 21:47:22,48.4599513409007,-1.47255271043282,13.436042313667,0,17,27,12,58,42,33,19,12,49
2019-12-07 07:08:23,48.3580945834322,-1.73479816491473,13.3360229559876,0,19,25,15,61,76,9,25,60,44
2019-12-29 21:40:28,48.0806816863272,-1.19703909112003,12.6729955136185,0,6,11,18,37,69,76,42,82,61
2019-12-09 05:36:34,48.9062723475072,-1.39983350662507,7.82433965933711,0,1,17,33,54,30,66,67,38,47
2019-12-03 08:21:14,48.5672457369823,-1.50585976359707,13.9217304582343,0,13,13,49,16,72,30,9,94,10
2019-12-03 15:10:04,48.0927937115043,-1.28626981577197,11.0734412791549,0,1,1,17,53,90,86,37,42,96
2019-12-10 11:39:41,48.6431753209993,-1.39967589145511,5.82022640147257,0,11,21,13,40,40,20,29,89,7
2019-12-25 20:39:50,48.9007565853655,-1.91245231540522,4.26441722282414,0,18,19,48,78,56,1,46,24,70
2019-12-14 03:11:00,48.4632406469729,-1.23840284498334,13.1263582395047,0,11,14,17,14,44,84,79,82,93
2019-12-01 12:08:14,48.073469608125,-1.24781031173086,4.84156503567545,0,14,1,9,62,67,67,66,79,42
2019-12-17 20:08:19,48.2828992871954,-1.69564871429263,11.3441842241884,0,4,19,15,70,89,0,95,4,99
2019-12-17 14:16:06,48.9544333675664,-1.70111816781625,9.46854921452168,0,3,0,19,39,12,41,80,67,68
2019-12-19 13:54:08,48.1798349913116,-1.2626778773324,4.73148394736065,0,14,18,39,86,93,60,3,59,61
2019-12-23 03:33:21,48.5304444453355,-1.75927500555258,13.5827779521154,0,3,8,18,37,95,69,12,97,55
2019-12-26 18:48:00,48.0569956894298,-1.78466417351023,5.45917426490186,0,7,6,3,92,48,3,54,57,59
2019-12-30 19:48:52,48.4751251714654,-1.74259910394559,3.91812412204134,0,9,1,2,76,97,32,56,56,51
2019-12-29 22:41:27,48.0990520357616,-1.79044407270404,3.89069734788067,0,2,16,19,57,98,97,92,74,32
2019-12-19 07:46:36,48.0359204067085,-1.83468657724312,1.94645735991488,0,9,29,2,63,98,15,35,82,15
2019-12-15 05:48:31,48.093077918558,-1.32122547566948,4.77485661337844,0,7,24,12,89,65,19,9,24,3
2019-12-24 18:53:29,48.4416327567034,-1.50189081183723,9.59291066070688,0,12,2,29,83,39,49,26,60,12
2019-12-04 14:41:31,48.7543736401733,-1.26791888953555,-1.0222160336665,0,1,3,39,37,67,32,32,79,56
2019-12-28 09:54:51,48.3845414926226,-1.7785523411718,3.50452432013327,0,18,14,5,91,14,12,37,55,98
2019-12-24 09:19:45,48.7820375421001,-1.69794714576469,-0.838654243777811,0,3,14,2,20,68,70,82,59,55
2019-12-14 10:18:38,48.8558452035561,-1.00572949368773,12.227331616556,0,19,23,40,77,49,8,15,7,15
2019-12-27 22:00:14,48.9959652852248,-1.5549468116625,13.2349073692387,0,5,23,49,52,34,11,68,95,94
2019-12-07 11:25:58,48.1157505503463,-1.3454782950438,0.709646406913943,0,11,22,21,68,45,43,6,21,81
2019-12-12 02:04:37,48.2550169826741,-1.21883349223939,0.435078517270777,0,8,5,6,93,35,57,1,64,32
2019-12-19 18:10:11,48.8862512483663,-1.65064040555183,1.0759411109965,0,1,13,6,55,10,43,78,20,35
2019-12-29 14:21:49,48.1874584016332,-1.36861691408261,4.32698956519691,0,8,12,44,21,57,93,87,0,90
2019-12-22 18:27:12,48.3256891562257,-1.93857429359973,6.83236050737666,0,15,24,14,37,99,44,34,86,45
2019-12-17 20:50:57,48.4849387456127,-1.4359513108786,13.9805015874936,0,11,23,14,64,12,13,16,30,0
2019-12-08 06:03:39,48.0898330705659,-1.86166334238912,5.22398150350153,0,11,0,27,36,80,96,49,1,4
2019-12-22 08:08:34,48.3647840099245,-1.48990803467571,7.24927948566586,0,5,1,43,21,24,84,19,57,10
2019-12-27 11:02:41,48.5749008667538,-1.76897676883683,13.8379669603137,0,12,4,13,30,85,15,48,99,4
2019-12-03 02:29:16,48.8586453100939,-1.85243579459024,1.12599723279755,0,15,27,45,17,21,34,44,74,9
2019-12-25 17:34:47,48.2041369603035,-1.22471828908879,6.35283625607977,0,7,5,26,2,76,99,76,32,98
2019-12-01 09:52:47,48.3846267370436,-1.75250509975129,-3.90451890365431,0,14,22,45,22,30,52,68,18,16
2019-12-22 17:35:58,48.5986361939454,-1.62260598858008,12.4063116746984,0,11,3,37,6,41,88,77,92,70
2019-12-15 20:40:26,48.3809323494234,-1.71340310327402,1.71927040476318,0,6,17,7,25,24,80,90,76,27
2019-12-25 08:21:40,48.9448535893787,-1.01387038641324,11.8083591697776,0,14,22,23,69,85,9,13,15,65
2019-12-30 06:03:09,48.9142232192281,-1.04573490612476,5.82094342579178,0,19,0,32,90,11,51,99,58,89
2019-12-24 14:26:29,48.491926972052,-1.89363786852622,4.39809768525795,0,13,22,5,30,50,29,20,52,96
2019-12-29 14:28:01,48.4379952244637,-1.89039294928796,6.58570567778577,0,2,16,13,86,34,84,56,86,67
2019-12-12 20:29:06,48.94014328436,-1.10874779946578,1.39414080623264,0,6,14,30,93,14,15,42,30,86
2019-12-23 10:31:51,48.0510519007459,-1.50784468534768,-0.043086941839702,0,14,10,42,59,7,15,37,34,25
2019-12-07 19:44:10,48.0399371213466,-1.06422101522992,1.72700593607826,0,8,7,49,92,93,35,61,5,61
2019-12-25 16:38:23,48.0878123217671,-1.37396270938868,-4.14386303776124,0,15,2,2,65,90,67,34,11,1
2019-12-13 04:09:30,48.2407613365169,-1.6535152311686,13.6617401832071,0,10,9,36,43,47,20,36,44,67
2019-12-03 00:53:27,48.4213745363156,-1.79057789071956,1.02261586814309,0,0,15,1,19,64,57,12,62,49
2019-12-19 14:41:21,48.4578643676163,-1.65130163666387,7.18065243781575,0,6,26,21,93,42,26,69,78,34
2019-12-28 06:58:53,48.7213432377769,-1.70671865563221,5.78365359584971,0,1,22,47,6,47,29,54,34,27
2019-12-30 22:35:09,48.949176940112,-1.92623756822489,-2.22723823982628,0,17,10,14,59,34,61,80,95,40
2019-12-13 03:47:48,48.6149476308445,-1.05657559403059,2.46164954382072,0,14,10,25,36,91,67,83,57,45
2019-12-19 21:11:45,48.0215348387237,-1.54510402146033,2.72169877901752,0,9,17,46,84,82,17,76,88,71
2019-12-12 03:41:37,48.6571848558528,-1.16757405417393,13.6817043734164,0,15,6,25,79,47,95,4,42,25
2019-12-27 02:34:37,48.6253437952257,-1.57895803199101,8.53472026369289,0,18,28,43,7,45,24,54,11,74
2019-12-15 20:31:40,48.0809814082836,-1.91625781679352,-2.62675500876585,0,2,10,31,83,27,58,6,3,2
2019-12-16 02:10:22,48.7681483657882,-1.63389789528861,3.34113818981738,0,8,28,34,76,96,57,89,59,52
2019-12-11 01:16:16,48.6029857590808,-1.67806184463113,-4.19778972919927,0,3,15,4,22,39,73,14,73,27
2019-12-08 20:38:47,48.4584082879398,-1.34242673560159,12.8711116834875,0,13,14,25,66,46,82,88,72,34
2019-12-07 11:20:36,48.0469962544958,-1.15362785577477,4.3717586180995,0,8,5,15,27,45,39,48,14,20
2019-12-13 20:27:09,48.1884354270009,-1.00818664720663,3.759169471338,0,16,12,19,7,74,56,2,32,9
2019-12-17 07:11:28,48.260473226784,-1.84663034130197,-0.782686877428874,0,6,22,25,93,29,4,18,51,28
2019-12-11 20:25:41,48.3814627977002,-1.21687484868657,-0.472609052188978,0,7,4,2,65,6,70,96,51,84
2019-12-21 12:43:11,48.2344578487028,-1.09146411348668,3.78745876475585,0,7,15,2,76,64,92,50,68,25
2019-12-08 16:54:42,48.6982694224912,-1.29953139941186,12.8755295890735,0,1,20,33,60,77,16,22,0,56
2019-12-09 02:19:26,48.5179090581452,-1.88478388678505,0.00390486978176277,0,4,8,12,59,94,64,2,87,99
2019-12-02 09:02:33,48.6126613666362,-1.15769725020868,3.98643703106159,0,13,15,6,98,15,39,46,88,80
2019-12-26 01:24:50,48.3840330319405,-1.577660321527,-3.33576822622482,0,2,10,0,50,87,5,76,24,22
2019-12-25 00:40:17,48.4431726613283,-1.8438477818127,0.445237513838912,0,3,4,3,15,99,98,18,83,81
2019-12-25 06:45:45,48.341249320815,-1.51064575161349,7.1115561081616,0,12,6,33,98,82,38,12,33,29
2019-12-21 14:08:36,48.958181100878,-1.71823937619023,12.5107260958807,0,17,27,21,41,54,24,90,44,18
2019-12-03 04:32:09,48.9154610964076,-1.52641782421918,-3.66886657228175,0,17,25,27,13,16,12,14,65,89
2019-12-11 01:37:06,48.2206242136753,-1.20748773878789,0.438078558742105,0,9,20,7,19,47,10,99,27,20
2019-12-01 12:11:31,48.025804806047,-1.61987962323235,0.248857726924521,0,2,7,27,84,2,57,44,93,12
2019-12-07 03:12:37,48.1396762007567,-1.31293429728268,1.65706290940617,0,2,26,22,89,81,86,10,20,20
2019-12-06 07:29:00,48.4739180330531,-1.86447176330931,1.17194822438618,0,13,1,7,99,83,30,56,77,75
2019-12-26 07:01:37,48.2942075227826,-1.20546936812134,8.02756412142309,0,9,6,36,93,88,66,21,62,28
2019-12-28 00:21:10,48.3942248706679,-1.27879699751679,4.05332701935122,0,6,9,22,35,84,29,86,81,71
2019-12-08 09:28:17,48.4214109808306,-1.6779498828938,-0.890314700030868,0,1,27,24,84,80,97,85,87,79
2019-12-07 11:19:35,48.8569241319117,-1.21997078844345,2.09279077644124,0,16,11,45,4,48,56,8,16,33
2019-12-29 17:30:20,48.4113557401166,-1.16198578437883,7.54249105581198,0,8,29,0,49,72,10,87,76,15
2019-12-09 14:55:06,48.3708965672976,-1.97992000169117,4.36055453557547,0,17,20,26,83,46,99,97,72,11
2019-12-15 07:09:49,48.1508671637396,-1.61936769104533,3.31489967476339,0,13,9,0,6,31,81,39,83,50
2019-12-22 08:22:14,48.9852516949108,-1.55507675770441,-1.96549036491918,0,2,4,32,66,96,48,9,89,37
2019-12-17 07:35:07,48.5627061103297,-1.31840411355645,4.52201657813136,0,11,4,10,39,13,92,91,54,23
2019-12-13 08:11:22,48.2580493564057,-1.33883414898945,1.09714002027043,0,14,15,23,95,40,74,25,27,73
2019-12-13 01:57:39,48.1281349361539,-1.06035553201118,0.536247276485081,0,11,16,33,96,17,11,22,54,72
2019-12-01 20:20:22,48.9319040160309,-1.3158995831925,0.993096124843273,0,13,19,40,82,34,40,53,99,45
2019-12-09 13:23:47,48.2670719685345,-1.15951549595199,4.77731471731202,0,10,21,27,70,50,72,58,97,45
2019-12-01 06:40:15,48.377199947544,-1.26039421989601,11.623404182784,0,11,7,4,44,44,51,53,32,42
2019-12-23 05:11:28,48.8733323565094,-1.8996320138218,-2.68113171480649,0,16,16,27,42,98,90,13,65,67
2019-12-11 09:58:51,48.697372827538,-1.38388171204547,-2.74177354934708,0,3,7,27,68,77,10,20,55,27
2019-12-13 18:37:30,48.9583177594274,-1.30384547976025,8.4526719699859,0,7,26,32,7,34,25,31,47,1
2019-12-18 07:58:50,48.430464452333,-1.98212728741678,12.6501978010173,0,14,17,19,26,54,79,47,86,4
2019-12-21 13:56:38,48.6113782132097,-1.39063618769433,4.34594057563038,0,15,21,27,68,6,82,77,19,57
2019-12-13 00:49:00,48.824309224181,-1.50448485394217,2.53160765046794,0,15,13,21,33,1,39,33,12,71
2019-12-04 21:32:29,48.0917152967731,-1.96999680854846,9.1939655734198,0,0,8,14,64,67,74,94,8,90
2019-12-25 18:12:55,48.7353110489134,-1.7094959294002,-0.331295062476441,0,9,19,23,45,46,45,33,88,47
2019-12-26 17:46:11,48.5170305909203,-1.84694332948278,10.6677665536607,0,8,7,11,91,30,72,60,70,39
2019-12-23 15:48:02,48.235868050361,-1.19942545620698,11.179709659973,0,8,1,30,6,3,2,1,12,28
2019-12-07 04:29:31,48.2241713247374,-1.58331434362722,6.14667907550311,0,17,18,24,73,14,95,75,67,57
2019-12-05 16:18:36,48.8665016069387,-1.35490374423326,-1.12286147667228,0,14,14,20,16,55,19,28,63,29
2019-12-01 22:13:40,48.3532967727414,-1.42214340270597,12.9189950371715,0,5,10,27,15,52,87,88,8,53
2019-12-26 13:14:40,48.026525975683,-1.78537739291106,1.17535529340401,0,13,3,19,57,17,47,62,16,10
2019-12-03 18:45:14,48.023375974979,-1.07960064014401,0.640084593389223,0,6,6,5,45,41,71,54,83,41
2019-12-30 12:15:41,48.41577333045,-1.04086669862311,14.9779747901382,0,5,21,48,43,2,81,0,89,83
2019-12-20 10:55:40,48.6357194877396,-1.98348952829069,13.1541085202033,0,18,23,37,13,53,55,6,27,37
2019-12-27 09:55:17,48.4198918633256,-1.7740550757265,8.4316702398619,0,14,19,49,75,50,61,57,20,33
2019-12-29 02:02:48,48.1233013086595,-1.02775410610612,11.9027106738196,0,14,21,25,95,25,52,65,9,7
2019-12-02 05:20:29,48.7516176592333,-1.20644287308978,14.6275656235533,0,19,25,46,42,75,37,11,77,46
2019-12-29 14:22:45,48.8523640641255,-1.87056177475981,-4.49507238273279,0,19,14,6,29,71,77,54,27,76
2019-12-26 15:58:12,48.5059850171702,-1.20653378647125,-3.80499326102668,0,8,26,31,12,42,85,58,53,70
2019-12-24 03:44:28,48.9729791567535,-1.2588749501197,7.71128145638447,0,16,25,0,62,27,63,16,78,44
2019-12-30 04:02:49,48.5713761065022,-1.14155385323873,14.8671765177823,0,3,0,28,99,68,92,50,57,0
2019-12-01 03:08:22,48.0561064523906,-1.11465697740887,-4.14686108853056,0,13,23,4,73,59,11,90,86,7
2019-12-28 14:43:45,48.7917366436644,-1.73404211072905,-4.05990639192048,0,2,17,39,42,82,3,66,63,56
2019-12-30 04:50:08,48.1748999670031,-1.07998882889747,11.4017485773199,0,0,19,24,9,39,39,37,52,41
2019-12-08 07:51:03,48.6547229465352,-1.98546266694808,8.90204349993823,0,9,8,14,7,73,77,59,70,67
2019-12-12 20:25:35,48.336970781133,-1.90038988455217,8.02785155504376,0,13,3,10,32,69,30,78,64,42
2019-12-03 08:15:55,48.1146282889483,-1.65673381400143,3.3613083662285,0,15,20,42,2,33,88,26,69,16
2019-12-05 22:19:37,48.891040563067,-1.94131508234018,14.3835691299213,0,19,28,13,58,1,64,48,76,25
2019-12-18 03:39:19,48.633266979192,-1.72090235665483,-1.00881182542481,0,0,2,23,26,9,5,62,46,95
2019-12-24 15:22:02,48.6447627547405,-1.60736644994811,0.00994441658721511,0,7,15,21,56,0,31,0,23,83
2019-12-27 00:51:57,48.3923770898918,-1.52175337612711,-4.50648581073921,0,0,0,40,46,91,77,63,39,75
2019-12-24 13:00:10,48.4104505364832,-1.34188883860683,13.2589820289328,0,1,11,31,5,75,81,40,46,53
2019-12-23 08:22:45,48.6815804791085,-1.30629358175504,14.6546642834575,0,13,18,23,4,29,2,68,68,16
2019-12-26 05:33:44,48.9086069343186,-1.61593154194575,9.71345654675432,0,7,5,42,99,42,22,24,13,61
2019-12-01 19:40:15,48.1086234394967,-1.08499217316741,6.76240107033514,0,2,21,14,68,52,79,62,6,14
2019-12-02 22:55:15,48.8541079279287,-1.24856439477232,4.61742708721078,0,15,16,3,13,1,54,31,72,60
2019-12-14 16:47:58,48.9700374347018,-1.12547034682961,-1.52982818359967,0,11,5,49,55,2,89,42,69,17
2019-12-19 15:25:57,48.9401494399366,-1.34883313875125,-1.33002276314889,0,9,26,22,67,34,20,95,26,58
2019-12-06 14:34:00,48.4758470828998,-1.43541102271313,5.10678086062278,0,2,18,27,99,77,27,82,29,5
2019-12-12 00:41:29,48.1517283349073,-1.27404425212836,1.20513617070631,0,18,4,5,97,98,11,42,98,21
2019-12-11 00:08:03,48.8645561872351,-1.6486318584758,4.90332127078591,0,7,19,10,18,19,91,7,52,83
2019-12-24 20:14:18,48.1716238545122,-1.49984373548061,6.01204332942704,0,16,25,4,70,38,86,65,94,62
2019-12-09 07:15:24,48.4590754534393,-1.06285732801205,13.7806446784086,0,0,27,7,43,46,75,82,77,38
2019-12-28 08:45:26,48.2330403962326,-1.42698335807164,5.80396413793972,0,5,3,45,54,43,61,84,18,81
2019-12-27 00:34:46,48.6181248280304,-1.306825198376,8.23843136254625,0,0,26,28,72,91,56,80,16,89
2019-12-29 16:25:07,48.8079926375337,-1.99447307688858,7.00316586531846,0,18,19,48,49,87,79,98,50,62
2019-12-09 19:54:16,48.2893151735372,-1.43646541816949,-1.36804009572046,0,16,20,14,88,17,59,45,33,13
2019-12-22 21:05:38,48.7088776727714,-1.08417531106815,-3.15390624485626,0,11,9,26,60,10,78,15,94,16
2019-12-13 08:48:57,48.0559144914411,-1.64057013142881,-3.68062513679295,0,6,19,18,92,36,74,27,89,46
2019-12-27 10:29:19,48.2853779682356,-1.8641411554367,8.78256060731717,0,8,15,8,71,35,10,11,50,32
2019-12-14 00:49:44,48.7906007225581,-1.07073616612271,7.23773616703122,0,10,7,23,26,95,85,49,46,85
2019-12-17 02:39:17,48.8306056134545,-1.52934615571487,8.56896097798318,0,12,22,28,0,86,62,75,76,71
2019-12-11 13:30:26,48.8760960404184,-1.96151457818296,13.7525680217671,0,12,19,32,77,35,36,54,81,74
2019-12-30 10:15:02,48.7342109939708,-1.30588963642059,4.40573298111825,0,2,21,37,49,97,58,22,87,5
2019-12-20 17:33:53,48.6408094417494,-1.88935767202143,10.6445135533086,0,1,28,1,74,89,30,47,46,68
2019-12-04 11:33:29,48.3976797491301,-1.09613947481669,-1.20911899032496,0,2,20,38,9,18,90,36,97,34
2019-12-23 14:52:48,48.2497430938528,-1.29271255633454,-4.3947234872704,0,2,22,9,92,16,21,5,48,67
2019-12-23 01:56:00,48.3629146606489,-1.8285567917994,13.5595287725141,0,18,14,6,92,49,59,73,59,17
2019-12-07 04:53:32,48.6533522431987,-1.50630736467722,11.9301711218106,0,16,26,15,58,69,68,88,95,54
2019-12-26 22:45:26,48.7350432741153,-1.36692246392692,0.43151266287617,0,9,13,15,44,57,16,40,89,22
2019-12-30 21:19:00,48.1480562566538,-1.81521086153351,5.23357600031121,0,14,23,2,32,23,40,45,93,37
2019-12-01 17:14:23,48.4913182218984,-1.4377619281587,12.0080962330141,0,5,29,36,55,92,66,77,85,46
2019-12-21 10:05:01,48.8667048788009,-1.59953536447116,14.2105162340265,0,14,13,25,19,23,67,92,64,9
2019-12-23 11:18:31,48.5314758585447,-1.94761710052733,4.39876372199448,0,12,18,23,70,59,65,21,78,49
2019-12-24 22:33:38,48.818982959175,-1.51597710676304,5.32063495475828,0,14,4,37,70,16,11,56,31,8
2019-12-05 14:53:34,48.5511102744151,-1.01230370672993,11.6005338149148,0,9,4,7,30,77,92,66,69,88
2019-12-22 05:30:10,48.8319587664827,-1.15037780588045,10.5393007567801,0,1,27,34,33,15,8,98,1,28
2019-12-22 19:40:55,48.8017116048381,-1.01029633218902,4.93392523980417,0,9,25,21,37,93,13,72,44,81
2019-12-02 05:12:15,48.4974894912436,-1.5549785241275,11.1469562859959,0,18,19,20,17,88,54,57,44,34
2019-12-08 11:23:49,48.0143445832722,-1.52064028313413,1.39622166305604,0,7,16,10,21,46,61,41,81,23
2019-12-08 03:10:18,48.3063740568731,-1.55524766238185,0.487846022233295,0,11,8,5,57,56,85,38,96,11
2019-12-09 01:07:24,48.3283666164281,-1.5519724523425,-1.29207325274687,0,2,22,10,8,8,32,8,58,98
2019-12-07 17:13:49,48.4660269424627,-1.56039472462628,7.65654735530566,0,4,13,34,96,18,2,76,18,91
2019-12-28 08:14:32,48.2694870439682,-1.92036635145562,-4.51599093504063,0,15,23,48,90,49,84,28,41,65
2019-12-08 21:48:32,48.0428449958762,-1.9333387217174,-0.0950110839190944,0,11,27,33,7,84,53,67,62,73
2019-12-21 22:25:08,48.8355534136461,-1.53197778879291,10.4733584190129,0,14,10,26,66,95,53,70,44,17
2019-12-18 16:49:06,48.6780346826082,-1.87771575426576,13.0576578658343,0,3,19,34,98,26,53,67,12,26
2019-12-19 04:16:45,48.3220289411591,-1.6244703753034,-4.88148739369655,0,16,6,22,14,94,15,31,72,73
2019-12-30 07:33:43,48.1711082910984,-1.33887324777379,5.40078799491785,0,17,17,8,56,38,45,7,54,10
2019-12-14 11:06:46,48.1207524231266,-1.78522647208778,5.04647054478827,0,4,28,19,29,28,64,54,24,39
2019-12-08 12:49:35,48.4427704510478,-1.94444234247526,12.7593297105093,0,1,23,31,27,47,20,78,98,39
2019-12-08 19:06:29,48.210674666432,-1.81318616765234,12.2826297438157,0,18,24,7,85,90,65,51,9,30
2019-12-26 20:19:46,48.026209769317,-1.67350722601335,-2.17923695276456,0,17,16,42,15,38,43,34,31,48
2019-12-16 01:10:35,48.5869980075336,-1.37906932941595,10.3709834587625,0,13,20,33,53,35,52,33,93,26
2019-12-23 13:04:03,48.8715140516271,-1.03023724585317,14.4638901764824,0,6,5,30,77,78,70,73,76,96
2019-12-23 19:32:43,48.39545848239,-1.11135422769531,1.79940483989166,0,2,12,2,71,93,99,11,40,15
2019-12-08 06:37:18,48.5049469957617,-1.92636201387568,12.7486355471186,0,15,17,48,50,93,3,33,5,80
2019-12-21 10:38:11,48.3625682449725,-1.84781220687917,12.8447838639118,0,11,9,30,71,47,19,24,83,49
2019-12-28 02:58:33,48.0643735183703,-1.56434439987147,5.78133665108184,0,13,1,29,45,80,63,44,70,54
2019-12-18 07:10:03,48.0711883078661,-1.03736825335648,-0.974318886629454,0,15,14,28,89,59,45,8,4,53
2019-12-25 10:35:06,48.1302456339496,-1.26987589768594,-1.08223095400363,0,15,16,14,90,56,92,93,60,7
2019-12-18 13:11:30,48.1133348015665,-1.50588685856475,9.86644263000528,0,11,11,8,71,11,73,6,10,82
2019-12-17 16:47:19,48.9843064206579,-1.79685058435279,8.32836229602264,0,10,14,48,94,25,28,8,7,83
2019-12-30 00:01:16,48.2873818773252,-1.62025825335656,6.78736012232833,0,17,24,39,52,86,76,85,33,5
2019-12-27 22:49:22,48.8262792587403,-1.58343947892237,-0.545723961920349,0,12,29,13,85,51,70,52,75,90
2019-12-19 19:36:51,48.8010820591827,-1.30421577408175,3.08116583949009,0,8,22,0,95,1,20,65,8,74
2019-12-07 21:09:07,48.1886003847181,-1.44529818112277,13.0171059630891,0,4,3,21,43,0,33,95,88,40
2019-12-05 08:57:08,48.3945200663966,-1.02786961245717,1.84677642623278,0,1,13,0,68,67,70,48,91,30
2019-12-28 03:45:25,48.263515424106,-1.68131264843108,6.95025755928376,0,4,23,34,60,83,97,1,17,56
2019-12-09 20:14:04,48.0963960211242,-1.91017599166845,9.76079878758676,0,17,1,28,47,0,60,53,21,69
2019-12-02 13:23:21,48.0689090970293,-1.24043946864104,3.84816647220783,0,13,9,17,1,2,89,69,72,83
2019-12-15 05:33:48,48.8204943234196,-1.80673170592949,-0.397162391523441,0,8,24,24,50,71,51,87,90,63
2019-12-25 00:40:52,48.6120474695284,-1.29961909134855,6.45196879257074,0,18,24,18,22,82,0,57,71,35
2019-12-27 02:32:47,48.2557390817701,-1.16588197749382,11.2981765420633,0,0,23,4,1,44,55,67,75,3
2019-12-09 11:36:44,48.3245063225387,-1.57779168364489,0.681379712038385,0,18,4,27,76,72,48,88,28,80
2019-12-22 16:50:15,48.0891790185539,-1.27390713443696,2.78016599816278,0,6,24,34,7,37,46,79,30,29
2019-12-19 10:33:09,48.5706388124128,-1.75403475889658,1.29586385297396,0,13,11,47,31,57,63,35,81,40
2019-12-07 20:03:28,48.3759079088345,-1.53204274714554,4.38501435955289,0,13,17,49,18,25,12,69,67,37
2019-12-07 19:23:03,48.6019399806866,-1.13215130666837,2.4910346104256,0,2,29,45,8,72,40,9,74,21
2019-12-14 09:45:55,48.2741444559182,-1.60200474672113,10.0599254276883,0,18,20,22,18,34,49,99,65,81
2019-12-14 05:05:58,48.1538364566648,-1.32454744555268,13.4560527431108,0,0,28,23,92,82,9,46,2,54
2019-12-16 12:05:18,48.8020038887868,-1.46614005671169,9.74066879308814,0,8,13,46,77,18,30,78,29,88
2019-12-18 09:28:18,48.4195752285512,-1.78516876734103,5.36165892256501,0,0,29,5,29,89,15,78,94,84
2019-12-22 03:56:10,48.4417783182309,-1.98759235394541,8.73533343325152,0,6,5,7,97,10,5,79,10,61
2019-12-25 04:00:21,48.1936353054799,-1.67646562153309,7.88683004206364,0,10,25,22,15,39,45,31,8,77
2019-12-25 22:31:46,48.9239456629958,-1.17457299734213,-2.81027913364129,0,7,20,16,3,51,16,59,67,3
2019-12-01 06:21:47,48.9933818848773,-1.28219882924212,14.5853276786326,0,14,21,16,79,83,68,22,51,57
2019-12-10 13:11:26,48.6680547737833,-1.48967801709179,3.64348828450008,0,17,19,2,76,55,60,73,8,85
2019-12-14 03:49:32,48.0938211363246,-1.64665076399532,5.19836693592293,0,18,2,4,70,39,8,91,74,3
2019-12-05 22:17:20,48.7817220831205,-1.33503097777023,6.24286346754193,0,18,4,33,13,18,77,63,90,95
2019-12-01 11:57:13,48.301407891466,-1.45117120326086,1.36341502627517,0,13,29,2,69,47,84,48,19,76
2019-12-30 22:46:17,48.8803471326271,-1.5852314995533,14.5140062833736,0,8,0,39,2,66,99,6,53,5
2019-12-30 12:19:11,48.5363872584591,-1.90467289877342,14.6561063982808,0,5,13,7,96,2,69,69,25,93
2019-12-16 08:34:48,48.0267702778926,-1.80260616345452,-4.96958183262943,0,15,28,7,76,44,66,58,51,43
2019-12-28 15:26:18,48.3401505008061,-1.13909185265149,11.0002340008506,0,5,24,29,53,61,96,49,46,74
2019-12-26 17:03:55,48.5604419161381,-1.70434033298136,2.5164951153642,0,2,5,40,1,82,92,27,65,39
2019-12-01 18:21:01,48.1860497059236,-1.64514781797544,7.15010074020834,0,3,3,38,57,15,62,51,13,61
2019-12-01 16:28:18,48.8533515114586,-1.99540594126815,6.7140642929422,0,13,25,3,72,4,39,3,87,98
2019-12-18 22:40:13,48.1845300631526,-1.59401664398332,-0.137032974109535,0,8,4,2,38,32,33,5,38,20
2019-12-02 22:45:52,48.7966708376988,-1.95040621978715,-4.46355886313299,0,11,19,7,1,3,1,24,27,46
2019-12-26 16:45:42,48.2900750410231,-1.19719666112084,8.39873281745181,0,6,19,33,92,64,20,78,77,23
2019-12-26 21:21:41,48.6133779746543,-1.00910530658863,-4.64469993842985,0,1,23,46,35,34,18,4,38,16
2019-12-08 12:21:38,48.4207979926936,-1.01648043515928,-0.625554717902818,0,4,14,1,60,90,36,7,61,90
2019-12-16 12:45:19,48.6157690326757,-1.26256264665283,1.57987538007082,0,3,12,30,98,33,57,70,86,68
2019-12-21 17:44:38,48.0707644587712,-1.25496641046133,1.44554909199735,0,2,13,23,63,70,74,4,55,21
2019-12-27 04:39:38,48.6714873172676,-1.13873034582414,-3.73087350126862,0,13,6,46,21,75,78,12,79,2
2019-12-30 18:24:51,48.3378623665021,-1.06880959545672,14.2801942519286,0,10,4,32,81,49,10,11,72,85
2019-12-08 17:40:02,48.3267152012916,-1.4969152694088,0.873988827166142,0,12,7,26,21,5,76,80,5,58
2019-12-29 20:52:45,48.7947949519357,-1.44552369715903,-2.2821239038753,0,13,11,47,77,24,11,37,74,27
2019-12-13 05:39:06,48.9666343466223,-1.37333983572821,3.75965674955382,0,5,1,7,90,35,87,91,36,32
2019-12-25 08:23:32,48.2378720120703,-1.69223099280718,9.97558615122716,0,7,1,38,15,73,22,77,40,71
2019-12-16 20:07:20,48.3631298087366,-1.75007124652624,-4.57942851194154,0,4,0,21,44,7,82,12,88,12
2019-12-23 22:51:27,48.3320331887026,-1.7169938705475,14.176768513013,0,1,15,32,81,95,23,3,55,85
2019-12-19 22:16:19,48.7399727798719,-1.36705959698514,1.08166360672641,0,1,26,13,97,53,99,66,53,65
2019-12-04 07:15:50,48.2758026711064,-1.64626518294507,7.49525741138275,0,15,17,1,50,76,70,54,85,7
2019-12-29 13:56:53,48.0403603711353,-1.77048683481779,8.28085439479018,0,11,15,44,72,29,71,41,4,33
2019-12-02 00:01:49,48.109252037997,-1.1412051423179,10.2060769746108,0,8,24,22,71,52,38,34,58,24
2019-12-03 10:39:19,48.2671452435978,-1.3269389846022,1.21232271344043,0,5,15,26,3,90,58,11,66,16
2019-12-16 07:26:27,48.5062214185047,-1.95199323210492,-1.79928861781922,0,7,25,39,25,58,36,68,29,97
2019-12-25 19:32:33,48.5429388035754,-1.70999475275632,3.81427857550526,0,5,20,20,72,73,0,20,88,3
2019-12-16 05:28:06,48.6849497145437,-1.29383962615106,0.443102072199388,0,17,24,34,34,66,79,89,31,90
2019-12-17 10:36:21,48.6422197654109,-1.57887600249559,-3.47792240161352,0,3,24,13,46,57,35,44,26,46
2019-12-03 05:01:57,48.0476909899375,-1.00867045438321,-3.93649537578993,0,2,26,48,47,3,61,12,84,65
2019-12-01 00:37:43,48.3798201719205,-1.44517692385482,-0.23269126621666,0,6,18,42,81,32,44,64,9,21
2019-12-06 15:20:00,48.4635315171739,-1.16307726975674,10.4349834590382,0,4,17,30,46,6,60,28,11,89
2019-12-29 20:45:17,48.5952714190796,-1.9619334102431,-1.85667842340501,0,19,0,31,46,30,67,62,16,39
2019-12-04 05:45:46,48.0694137532587,-1.97305100875583,2.75106077862487,0,3,15,9,24,29,92,5,24,98
2019-12-30 05:40:38,48.9857637952016,-1.04396090937963,-2.84098381029488,0,19,3,35,78,71,13,98,49,68
2019-12-26 10:38:23,48.4236367146595,-1.16603352323455,2.17771654956868,0,12,11,8,42,86,56,11,94,82
2019-12-26 18:52:12,48.7536051006772,-1.19425466106937,3.53924982973339,0,18,16,27,14,51,57,27,23,42
2019-12-17 08:33:56,48.7629539714022,-1.06105054265868,0.919608955699768,0,0,1,33,82,4,56,43,4,66
2019-12-12 14:25:50,48.4463109594985,-1.18129645017036,-4.09378149131955,0,5,26,25,28,49,22,93,44,59
2019-12-05 02:30:28,48.1433034199957,-1.11996689118443,9.09607096160579,0,2,7,28,4,88,94,71,93,32
2019-12-21 17:53:22,48.8522642924694,-1.47466633118441,2.3284114158379,0,12,29,22,50,27,13,93,45,87
2019-12-17 04:04:55,48.1544100004967,-1.68013347344479,4.39713826654346,0,10,0,6,90,38,20,12,86,54
2019-12-01 08:28:24,48.3236804620007,-1.2052863203945,-3.22450888493308,0,0,7,3,77,50,69,95,43,47
2019-12-24 18:03:58,48.3049151773122,-1.13047124684345,5.12063752306655,0,0,2,45,86,17,69,67,66,63
2019-12-01 05:15:41,48.5431313810605,-1.05800846547727,1.4047986838989,0,4,20,19,74,20,31,49,63,97
2019-12-21 06:15:55,48.7397515474538,-1.6426026521449,-0.397617320715272,0,0,8,40,46,53,55,35,34,23
2019-12-02 15:31:07,48.8181415720927,-1.31395555069389,-1.34679864549395,0,4,1,34,93,73,99,31,98,90
2019-12-19 20:43:43,48.6707980789574,-1.11458077147351,13.206148175153,0,19,4,19,91,1,75,12,51,89
2019-12-13 05:11:32,48.6017715868548,-1.38897496759378,12.7351398965042,0,4,11,22,62,17,94,78,52,76
2019-12-27 10:44:56,48.8966902214553,-1.35149478230229,10.9165295692703,0,17,24,4,49,36,69,19,99,0
2019-12-21 07:00:11,48.4164249107318,-1.2946408932538,10.7454369937747,0,19,18,37,2,97,48,23,54,84
2019-12-17 07:49:56,48.6715020009649,-1.71757971389106,14.2597647827397,0,14,23,26,6,53,42,57,29,58
2019-12-10 07:51:01,48.0107746608605,-1.95110778322029,-3.48227628063517,0,9,19,7,44,36,49,6,43,99
2019-12-30 06:44:30,48.3295752058409,-1.925571995287,8.49047283804532,0,18,28,48,53,20,44,81,11,74
2019-12-13 08:12:25,48.0231487960662,-1.35875406226085,-3.30597880776319,0,7,4,14,60,0,59,36,75,51
2019-12-25 04:21:34,48.9688196456846,-1.32129318933994,7.2437006566877,0,13,28,34,58,58,8,31,13,24
2019-12-07 12:58:58,48.1859041225099,-1.34793100382571,2.53168367339842,0,1,1,30,91,21,2,63,46,41
2019-12-16 09:01:49,48.3526175251941,-1.54439846963826,9.01346728392572,0,5,6,25,28,29,19,36,12,78
2019-12-06 19:18:04,48.8354463641697,-1.64875910694187,10.3783324432458,0,9,25,36,72,80,50,16,22,10
2019-12-24 07:55:20,48.3308936070329,-1.4551103177737,1.62092566099992,0,13,15,34,21,66,10,95,20,93
2019-12-22 01:40:19,48.4633041054305,-1.48854599822711,10.4726668742824,0,0,4,1,0,88,90,96,46,30
2019-12-30 01:01:08,48.899915914936,-1.83514456769225,5.0627338057676,0,10,28,14,37,71,62,61,89,15
2019-12-27 07:44:49,48.9800514108409,-1.50719083776101,8.32646010551903,0,2,14,45,95,64,2,53,96,55
2019-12-16 06:00:42,48.2383397692993,-1.1360076866746,7.29243015697805,0,5,1,15,40,64,32,18,31,38
2019-12-12 10:28:10,48.55896902902,-1.94041617305037,1.72944878122278,0,1,19,17,62,63,33,3,7,59
2019-12-28 14:50:22,48.4649110117298,-1.81749633085797,4.31350273606996,0,16,6,29,16,7,77,81,41,21
2019-12-06 00:31:54,48.1599415406398,-1.28215682799097,8.77344432322935,0,5,3,36,47,73,59,10,11,84
2019-12-15 20:33:00,48.8504311804895,-1.93006648352838,-1.44682844376509,0,10,18,43,41,88,11,93,77,91
2019-12-25 08:29:42,48.0421842639531,-1.50708017428735,-2.56629679890643,0,13,21,28,73,30,45,52,51,75
2019-12-09 13:31:07,48.7839114050306,-1.75250386202359,1.58837480730767,0,13,9,10,1,11,37,83,0,36
2019-12-04 08:57:43,48.1853653142161,-1.95262085970148,-2.89520026505701,0,11,12,1,63,25,82,37,80,22
2019-12-12 11:10:30,48.808407905888,-1.49339719884721,6.6123213142214,0,12,15,7,62,89,60,79,5,73
2019-12-30 14:06:12,48.0287456237845,-1.69624796914693,6.7617091707707,0,0,1,38,98,64,20,45,93,26
2019-12-26 07:28:30,48.8245408673885,-1.72803980984168,2.73683256829941,0,0,9,3,25,76,36,97,36,78
2019-12-17 00:55:46,48.9312673215434,-1.2560924199671,-1.01278073480948,0,3,25,39,88,66,12,59,3,32
2019-12-29 22:53:49,48.2672457654342,-1.0312693151791,5.21370492885527,0,4,2,7,70,81,36,69,20,23
2019-12-08 07:06:24,48.4996045941951,-1.46303836184695,-1.41386859929835,0,15,28,1,82,58,12,10,68,4
2019-12-08 13:13:56,48.461102351761,-1.28410476645646,-3.92782834122322,0,8,11,39,7,63,87,49,78,61
2019-12-03 03:46:55,48.5053923388503,-1.94991340485863,1.11857561213829,0,5,0,7,99,64,10,14,69,58
2019-12-14 10:27:06,48.2114666193777,-1.85417649608766,14.1953495099188,0,12,9,3,94,10,81,28,38,20
2019-12-06 00:23:56,48.0322739924454,-1.76660724811564,11.4375025352638,0,14,23,9,17,64,68,67,64,35
2019-12-04 03:05:07,48.0575841660879,-1.06809857537416,-0.110236872504576,0,16,22,24,41,42,5,50,72,25
2019-12-24 03:20:30,48.9966405970029,-1.88383189862772,12.3006377445071,0,2,19,1,8,3,92,27,55,32
2019-12-03 11:01:53,48.7068392372256,-1.69722776985598,10.7534756887487,0,3,28,19,57,97,79,56,45,40
2019-12-07 19:01:53,48.6798145313188,-1.25877516961599,3.3787566616101,0,15,28,19,17,29,12,42,90,96
2019-12-02 12:19:08,48.2356923479753,-1.75847983907837,4.10629017004105,0,7,24,7,10,24,46,11,44,93
2019-12-16 04:52:24,48.8128270180024,-1.44332822712293,-0.722470023540068,0,7,19,24,36,69,50,88,19,23
2019-12-15 21:17:18,48.1436508768907,-1.20463018268562,0.926983105916056,0,0,29,48,43,82,64,92,89,89
2019-12-01 14:01:10,48.8628978207069,-1.67413886574755,10.4080794399642,0,11,27,10,44,58,92,58,26,11
2019-12-26 10:15:17,48.849694501073,-1.30503815519858,-3.46348123460239,0,11,29,15,23,86,92,11,5,28
2019-12-14 14:00:52,48.2590327189579,-1.21732654525774,5.85836988261825,0,1,19,38,4,56,36,72,73,40
2019-12-15 22:16:14,48.1543567749459,-1.38607458276026,14.5802963057441,0,16,15,49,65,21,43,37,10,18
2019-12-23 13:10:11,48.99657162465,-1.78600980936829,0.670693380604821,0,3,11,32,80,45,36,75,53,3
2019-12-21 10:48:55,48.0906798514028,-1.3270861703563,-2.17149348192452,0,19,18,27,63,87,82,7,61,35
2019-12-07 08:20:17,48.4634794916322,-1.11920071771331,-1.79662141101277,0,13,25,3,50,29,78,22,99,54
2019-12-15 05:05:25,48.4997938002924,-1.16346931884227,-4.07195790441332,0,5,4,8,80,31,11,51,85,73
2019-12-20 14:29:54,48.4543532149188,-1.45597115319966,-4.65873489838966,0,12,2,3,88,96,27,91,75,58
2019-12-27 13:51:14,48.5620386863882,-1.33452906056052,0.195819483695468,0,5,11,12,88,82,76,17,45,8
2019-12-11 00:46:39,48.0292968033018,-1.9368548639756,0.841621018406759,0,4,22,13,84,7,77,24,34,41
2019-12-28 11:16:49,48.814624494321,-1.17996402838266,-1.93508797648134,0,1,13,33,24,85,79,19,41,54
2019-12-11 11:22:25,48.9781416398371,-1.90589860077291,3.8083654240744,0,10,24,1,17,85,75,95,50,2
2019-12-24 08:51:13,48.9385185292636,-1.9202045667545,-4.0068347789379,0,11,24,39,6,43,11,85,68,18
2019-12-09 03:24:22,48.6816909800664,-1.5775599263504,5.38312627812062,0,16,20,19,74,96,60,15,78,22
2019-12-08 10:03:24,48.4679001711625,-1.96703754410475,14.7382415634292,0,18,7,16,72,65,97,48,20,95
2019-12-21 07:33:38,48.4350583033799,-1.55172762486698,-3.90262602358247,0,19,1,23,94,86,7,99,85,55
2019-12-30 05:26:45,48.1973491889412,-1.6314792915394,8.09160303934086,0,2,28,41,54,92,86,41,52,9
2019-12-18 05:57:51,48.7928013004329,-1.19871098790258,2.86697463359077,0,19,19,32,96,43,87,80,1,69
2019-12-26 11:46:56,48.7056112665244,-1.76449312491552,13.0203933427205,0,13,13,37,96,75,25,56,85,84
2019-12-11 17:58:46,48.9968645409666,-1.69989702464077,12.1085837567731,0,1,11,41,23,6,44,2,76,20
2019-12-24 13:52:21,48.9127004514042,-1.12361070519481,8.21205788720961,0,6,28,8,33,8,52,0,44,11
2019-12-07 16:21:47,48.9468006356372,-1.36481505695955,5.90765375686235,0,4,23,32,5,75,89,63,92,59
2019-12-15 14:36:38,48.7489470051364,-1.77150243556663,4.15464604140941,0,8,17,32,98,9,23,7,39,92
2019-12-20 20:20:45,48.9608546295021,-1.69160529770497,-2.42032203284107,0,17,2,42,64,61,8,71,88,21
2019-12-26 00:08:21,48.8596252877543,-1.85554347972178,8.96143665488876,0,16,7,0,95,58,25,84,74,95
2019-12-08 18:06:53,48.6391217706907,-1.27006845095664,-4.62404349102827,0,10,5,8,7,60,74,98,40,4
2019-12-10 08:38:09,48.3766924950186,-1.91872657505736,12.0557848029098,0,4,29,46,97,5,92,22,40,73
2019-12-15 21:07:16,48.0084471358026,-1.93185854234354,13.3499135688645,0,5,13,34,64,87,14,95,85,58
2019-12-30 06:49:56,48.7653273328977,-1.74096169403799,-1.9881711048019,0,10,17,33,55,38,23,36,20,4
2019-12-23 13:08:31,48.092623549091,-1.72510166965663,0.097667859447034,0,19,11,40,74,21,8,17,26,18
2019-12-14 08:51:54,48.3179667146494,-1.22681918890533,-2.7386174563964,0,15,22,40,83,40,12,29,73,92
2019-12-29 06:57:05,48.701863711561,-1.23041994088815,13.3346031342329,0,1,2,0,58,38,71,23,86,89
2019-12-13 00:07:01,48.1431663321067,-1.44363244224509,14.3480492240507,0,15,13,16,22,19,38,77,82,97
2019-12-05 20:50:47,48.5947935244044,-1.25996590184978,-0.54647597183775,0,17,12,41,51,93,13,96,65,94
2019-12-15 13:46:33,48.5196260179019,-1.23922961821744,10.3865646260728,0,18,12,44,73,50,17,31,6,85
2019-12-15 11:19:31,48.1923795646021,-1.40101594030904,11.2880334203541,0,8,3,43,49,56,11,28,56,43
2019-12-30 21:56:49,48.7419602757981,-1.46730772753586,-2.99287840863358,0,16,26,39,48,99,26,26,90,5
2019-12-05 00:55:29,48.5679193891435,-1.46552489859309,3.16529295182102,0,17,22,31,87,55,52,48,6,92
2019-12-22 18:29:48,48.2341135601672,-1.67523563079314,2.49428395437742,0,17,11,25,27,96,98,45,51,89
2019-12-28 21:07:55,48.8735605459072,-1.72684778027555,13.9306071353753,0,15,5,49,34,33,52,11,97,9
2019-12-02 11:08:53,48.528784290668,-1.75521955162064,2.91138020293386,0,1,29,8,0,75,69,55,19,65
2019-12-05 05:23:27,48.5162510701997,-1.61356426431498,-1.06578496939772,0,17,14,20,85,41,80,21,7,9
2019-12-11 18:54:00,48.3912245726172,-1.98196532017643,14.5917738767302,0,19,27,16,93,78,9,68,88,34
2019-12-27 02:04:24,48.7030191983576,-1.44240555374064,1.58203749152927,0,9,14,5,29,34,33,39,10,63
2019-12-22 14:23:33,48.4729021645491,-1.84595395244935,4.06572558547637,0,2,10,36,22,22,73,50,53,65
2019-12-24 05:40:23,48.1655336293231,-1.18932490897799,-4.41174726812716,0,13,17,12,64,22,72,51,12,99
2019-12-23 10:04:15,48.81837407072,-1.24606652569308,12.0626562433609,0,16,25,22,84,45,95,99,92,12
2019-12-30 03:07:52,48.6254357721775,-1.91486484134331,-3.99811276467429,0,4,11,27,90,34,18,43,14,82
2019-12-01 16:54:57,48.6196111606525,-1.86645491554702,3.19020873503304,0,14,17,0,1,61,32,17,64,63
2019-12-09 01:39:51,48.3770960487319,-1.68632563095834,5.49480115552191,0,10,25,4,10,24,20,15,91,99
2019-12-24 09:40:52,48.7674554259365,-1.62688932177932,5.29525685743208,0,0,23,25,55,96,6,5,40,60
2019-12-05 12:35:53,48.751803750988,-1.50882600457819,12.7646144999958,0,3,7,32,85,85,37,77,14,79
2019-12-23 01:46:14,48.2676393884549,-1.668691308549,5.14091511636084,0,3,22,15,83,25,82,76,97,97
2019-12-27 03:28:45,48.8575815692812,-1.86527163389384,8.70775458435889,0,5,27,30,86,8,74,35,44,64
2019-12-01 12:56:44,48.2444767967074,-1.03806729802772,11.5989254413168,0,12,24,8,91,59,60,2,34,61
2019-12-16 13:39:49,48.9018239052509,-1.86629038065034,3.75140224106209,0,9,9,16,96,32,19,71,18,65
2019-12-14 17:18:03,48.9706310988267,-1.26417584636443,9.27005367552398,0,14,0,41,12,41,88,11,19,67
2019-12-30 06:31:03,48.5563910205645,-1.51898493362543,-0.41390566733382,0,17,25,34,17,74,28,59,15,58
2019-12-13 11:25:09,48.7812571962277,-1.50565718836414,-0.455926439005847,0,1,15,25,65,14,25,24,97,12
2019-12-21 22:31:06,48.5805311578235,-1.69739976231819,8.37478795385677,0,5,28,30,25,47,85,36,78,31
2019-12-03 18:16:39,48.3289595094179,-1.67134270662039,-4.97298163500288,0,0,18,1,90,42,98,31,29,69
2019-12-27 03:49:48,48.1452180497093,-1.09449001173232,0.176765345584958,0,17,13,33,3,89,71,86,96,53
2019-12-07 12:15:37,48.0958557054847,-1.06374009748164,9.82699979973352,0,10,1,4,41,91,95,45,25,0
2019-12-07 10:04:51,48.6058699682382,-1.03842385208161,14.0128789790966,0,2,10,38,49,33,90,21,94,31
2019-12-15 03:11:25,48.7590233491543,-1.62929945189008,-0.881921912488491,0,5,18,48,31,73,48,39,89,27
2019-12-16 16:55:41,48.3658700247136,-1.69867438063895,6.08606597878321,0,14,15,46,52,4,27,64,18,97
2019-12-24 04:42:51,48.4445875261187,-1.60699408343387,3.75341939821533,0,10,9,33,79,77,22,50,30,31
2019-12-18 12:45:09,48.193371704404,-1.32856284981992,3.27018539201011,0,16,6,46,49,31,98,6,61,67
2019-12-26 18:50:49,48.4966836662482,-1.17056373468161,-2.24397058516926,0,15,10,43,39,25,43,56,76,88
2019-12-21 19:56:10,48.0116496495957,-1.60682787960713,-1.51625251002435,0,3,26,31,47,79,66,93,91,61
2019-12-23 21:31:40,48.6984817882527,-1.6492173898263,5.2421789654727,0,8,9,36,98,0,82,68,55,22
2019-12-06 00:38:38,48.6581139856289,-1.29630775344386,2.60522190975268,0,10,19,7,11,75,31,27,72,58
2019-12-16 21:51:55,48.3562566085515,-1.85500438411487,7.46674519519636,0,19,11,34,41,72,28,87,70,79
2019-12-25 18:56:54,48.3786793245835,-1.8554814005529,7.23399071173463,0,10,28,48,71,24,16,70,5,61
2019-12-24 17:03:54,48.5974834792304,-1.05056412660077,9.38929440518343,0,8,17,46,77,72,99,94,27,22
2019-12-18 16:31:24,48.4119166147019,-1.59822132838807,14.1718437048475,0,11,24,4,99,6,73,3,27,6
2019-12-08 19:23:13,48.2480473859459,-1.96643754791768,-1.00918001588861,0,4,12,41,4,8,21,64,14,23
2019-12-18 16:57:33,48.9001239817124,-1.51328059775442,13.7067978194481,0,19,20,10,97,73,31,29,65,52
2019-12-14 22:12:58,48.338648760849,-1.00951486267593,-4.09174527558114,0,1,26,2,48,52,86,83,40,86
2019-12-19 11:05:28,48.2951139543648,-1.78863861308835,12.3073133692645,0,18,29,30,79,58,52,97,64,49
2019-12-23 14:26:01,48.8900016522454,-1.37442283722312,9.45389561422816,0,9,26,39,90,94,89,71,98,62
2019-12-24 21:08:43,48.9327113809682,-1.72897607354865,-0.094180326952683,0,17,5,45,10,99,4,7,63,11
2019-12-07 21:28:23,48.2974516662292,-1.79894522288765,9.84498575648525,0,16,29,1,70,82,49,70,89,92
2019-12-24 18:22:48,48.9826732734138,-1.0151541344892,8.90587115423096,0,16,2,43,39,86,44,73,29,83
2019-12-28 20:32:23,48.1987842638971,-1.84186230266553,-0.722273873035924,0,6,5,35,32,42,55,65,94,45
2019-12-01 00:30:47,48.8753441110604,-1.8720208387226,7.84220535347341,0,15,12,2,1,88,24,97,61,25

